ticker,current_assets,total_assets,ebit,current_liabilities,total_liabilities,retained_earnings,total_sales,credit_rating,book_value_per_share,shares_issued,shares_outstanding,inventory,acct_receivable,total_equity,working_cap,mkt_value,cogs,net_income,interest_exp
ARXX,328.354,638.022,47.473,119.215,150.352,95.273,551.846,17,6.4789,75.27,75.27,133.42,120.296,,209.139,878.4009,275.636,26.959,0.608
ABT,11281.883,36178.172,4860.219,11951.195,22123.986,9958.494,22476.322,5,9.1425,1550.59,1537.243,2806.421,4231.142,14054.186,-669.312,74879.1065,7759.397,1716.755,416.172
AMD,3963,13147,401,2852,7072,464,5649,17,10.5759,553,547,814,1150,5785,1111,11131.45,2066,-166,136
APD,2612.6,11180.7,1013.5,2323.4,6078.7,5521.8,8850.4,8,22.665,249.456,217.251,701.1,1694.7,4924,289.2,14418.9489,5841.8,723.4,135.8
HON,12304,30941,3544,10135,21221,11256,31367,8,12.141,957.6,800.592,3588,5740,,2169,36218.7821,22830,2083,396
HES,5848,22404,3618,6739,14293,6107,28067,12,25.7477,315.018,315.018,1005,3873,8111,-891,15615.4423,21292,1916,301
WYE,17514.241,36478.715,5370.348,7221.848,21825.96,8062.033,20350.655,8,10.8922,1422.593,1345.25,2480.459,3383.341,,10292.393,68500.13,4655.612,4196.706,570.247
APFC,77.343,239.455,6.659,43.922,167.571,1.209,141.904,17,9.8149,9.359,7.324,39.755,26.984,71.884,33.421,56.1018,76.862,-3.894,11.431
AME,684.063,2130.876,308.994,480.9,1164.204,868.827,1819.29,11,9.1145,108.48,106.059,236.783,328.762,966.672,203.163,3376.9186,1244.913,181.934,42.167
AMGN,11712,33788,5059,7022,14824,-5191,14268,7,16.2642,1166,1166,1903,2124,18964,4690,79649.46,1453,2950,172
ANDW,1153.021,2408.921,86.173,567.886,901.646,874.041,2146.093,14,9.5845,162.477,157.261,388.296,557.834,,585.135,1454.6643,1610.814,-34.29,15.345
KTO,844.218,1235.454,85.424,283.542,695.817,-32.602,1394.656,14,10.9207,50.177,49.414,384.983,401.563,,560.676,651.7707,871.425,37.688,29.347
AMAT,6081.019,9480.837,2246.734,2436.045,2829.437,9453.293,9167.014,9,4.7792,1770.165,1391.73,1406.777,2026.199,6651.4,3644.974,24202.1847,4604.799,1516.663,36.096
ADM,11826.277,21269.03,1793.131,6164.767,11462.15,4295.861,36596.111,8,14.9567,671.985,655.685,4677.508,4471.201,9806.88,5661.51,27066.6768,32973.583,1312.07,376.18
AVY,1655.4,4293.6,517.3,1698.8,2613.1,2089.8,5575.9,9,17.0934,124.127,98.313,471.8,910.2,,-43.4,6678.4021,3882.1,367.2,60.5
AVP,3334.4,5238.2,1011.2,2550.1,4410.8,2740.5,8763.9,8,1.7907,732.74,441.39,900.3,700.4,790.4,784.3,14583.5256,3299.8,477.6,110.2
BHI,4967.8,8705.7,1983,1621.9,3462.8,3322.4,9027.4,8,16.3892,319.9,319.9,1528.8,2055.1,5242.9,3345.9,23883.734,5346.1,2419,68.9
BEZ,304.147,523.982,81.059,91.56,219.153,402.454,811.28,15,9.4147,41.475,32.378,116.287,118.302,,212.587,1082.0728,577.483,48.118,6.069
BLL,1761.3,5840.9,476,1454.3,4674.5,1505.8,6621.5,13,11.191,160.027,104.137,935.4,579.5,1165.4,307,4540.3732,5605.7,329.6,142.5
BCR,1133.9,2277.2,475.3,295.9,579.2,1012.5,1985.5,8,16.4607,103.155,103.155,224.6,334.8,1698,838,8558.7704,697.8,272.1,16.9
BAX,6970,14686,1935,3610,8414,1845,10378,8,9.6421,683.495,650.479,2066,1838,6272,3360,30175.7208,5003,1397,116
BDX,3185.253,6824.525,1150.183,1576.329,2988.321,5316.889,5840.179,7,15.6281,332.662,245.468,875.738,885.748,3836.204,1608.924,17347.2236,2408.553,752.28,86.001
BLC,384.163,3614.278,292.493,258.912,2087.13,469.812,1588.272,12,14.9287,102.296,102.296,20.924,276.825,,125.251,1844.6016,1200.047,130.526,95.654
BMS,1093.712,3039.009,348.18,555.455,1537.808,1460.845,3639.363,8,14.0405,116.114,104.841,467.853,448.382,1472.016,538.257,3562.4972,2785.692,176.296,52.123
BIO,1129.777,1596.168,142.111,319.533,776.63,741.305,1262.23,13,30.9213,26.504,26.504,253.045,292.97,819.538,810.244,2191.4309,507.394,103.263,32.022
BDK,2703.4,5247.7,740.4,1779.6,4084.1,1130.2,6447.3,11,17.4361,66.735,66.735,1063.5,1149.6,,923.8,5336.798,4052.3,486.1,103.4
VAL,987.2,4334.4,1017.2,384.9,1118.4,1989,1813.5,11,21.1858,178.7,151.8,35.4,338.8,3216,602.3,7599.108,576.7,769.7,35.4
BA,22983,51794,4018,29701,47055,10236,61530,7,6.2533,1012.261,757.836,8105,5655,4739,-6718,67326.1502,48926,2215,657
REXMY,2060.447,8271.168,746.226,1962.517,5824.877,227.198,7321.247,11,20.9757,116.666,116.625,693.344,963.631,,97.93,,6242.059,436.768,199.777
BMY,10302,25575,2680,6496,15584,18200,17914,7,5.0793,2205,1967,2079,3247,9991,3806,51771.44,4970,1585,516
BP,75339,217601,27659,75352,132136,92483,265906,4,26.2763,3576.217,3251.75,18915,39377,85465,-13,,213627,22315,1196
BC,2078.4,4450.3,358.3,1293.2,2578.5,1731.7,5665,10,20.5993,102.538,90.867,861.9,492.3,1871.8,785.2,2898.6573,4264.4,133.9,60.5
CBT,1255,2534,169,505,1270,1150,2542,10,18.5708,63.579,63.433,420,534,,750,2359.7076,1958,88,30
CPB,2112,7870,1143,2962,6102,6543,7343,8,4.398,542,402,728,494,1768,-850,14745.36,4009,766,191
STZ,3023.3,9438.2,842.6,1591.1,6020.7,2268.4,5216.4,15,14.5507,247.921,234.869,1948.1,881,3417.5,1432.2,5509.7885,3517.5,331.9,268.7
CAJ,23381.084,37999.286,5941.454,9775.689,11079.899,20288.781,34930.748,5,18.8469,1333.445,1331.651,4529.891,7014.645,,13605.395,,15411.639,3826.261,18.403
CRS,999.3,1887.9,310.7,271.4,941.6,540.4,1568.2,12,36.3839,26.505,25.514,224.3,234.7,946.3,727.9,2946.867,1085.3,211.8,23.6
CAT,23093,50879,6032,19252,44020,11746,41517,8,10.6208,814.895,645.808,6351,14972,6859,3841,39607.4046,27947,3537,1297
CHTT,161.966,415.313,62.956,27.577,279.732,105.129,300.548,15,7.2624,18.669,18.669,31.389,29.852,,134.389,908.2469,89.923,45.112,11.725
CVX,36304,132628,27571,28409,63484,65828,195341,5,31.8471,2442.677,2164.558,4656,17628,68935,7895,159159.9497,153807,17138,608
CHD,556.07,2334.154,266.402,444.404,1470,752.283,1945.661,14,13.2164,69.991,65.361,194.9,231.403,863.837,111.666,2787.6467,1135.424,138.927,54.645
CLX,1007,3616,779,1130,3772,3724,4644,9,-1.0311,249.827,151.298,292,435,,-123,9224.6391,2510,444,127
COKE,247.142,1364.467,84.664,248.942,1224.512,41.269,1431.005,11,10.3211,12.794,9.103,67.055,104.779,93.953,-1.8,454.5805,799.426,23.243,50.286
KO,8441,29963,6597,8890,12685,32177,24088,7,7.2994,3511,2318,1641,2587,16920,-449,111843.5,7358,5080,220
CL,3301,9138,2572.4,3469.1,7615.3,7562.5,12237.7,6,2.8081,732.853,512.659,1008.4,1523.2,1410.9,-168.1,33445.8732,5027.5,1353.4,170
CBE,2193.7,5374.8,699.2,1499.3,2899.5,2196,5184.6,8,27.159,104.079,91.141,607.6,896,,694.4,8241.8806,3404.7,464,51.5
CTB,1009.124,2235.279,9.101,527.252,1525.7,974.419,2676.242,16,10.4251,86.323,61.38,351.687,414.096,639.891,481.872,877.734,2341.544,-78.511,50.06
COO,456.951,2352.601,161.483,276.63,974.092,386.711,858.96,15,30.9444,44.966,44.548,236.512,146.584,1378.509,180.321,2567.3012,269.528,66.234,33.246
TAP,1458.356,11603.413,658.499,1800.116,5739.275,1990.433,5844.985,11,66.847,87.025,87.025,319.538,828.599,5817.356,-341.76,6651.6027,3042.727,361.031,156.793
GLW,4798,13065,900,2319,5774,-5352,5174,11,4.63,1582,1565,639,746,7246,2479,29281.15,2311,1855,113
CR,880.409,2430.484,247.936,461.926,1503.848,1019.252,2256.889,11,15.1903,72.426,60.473,313.259,382.646,918.603,418.483,2215.7307,1471.348,165.887,23.015
CCK,2062,6358,576,1956,6624,-2948,6982,15,-3.3495,185.744,162.711,906,689,-545,106,3403.9141,5863,309,286
CMI,4488,7465,991,2399,4409,1483,11362,12,55.8167,55,50.2,1393,1767,2802,2089,5932.636,8474,715,100
DHR,3394.902,12864.151,1512.614,2459.556,6219.491,5613.794,9596.404,7,21.5566,341.223,308.242,1005.36,1674.97,,935.346,22329.0505,5135.831,1122.029,79.829
DLX,202.117,1267.132,238.315,664.503,1332.805,-167.293,1639.654,15,-1.2747,51.519,51.519,32.681,103.014,-65.673,-462.386,1298.2788,527.209,100.954,56.661
DXYN,108.712,277.674,19.9,35.586,141.996,6.289,331.1,16,10.4868,16.337,12.938,69.6,31.846,135.678,73.126,163.5363,223.762,7.703,7.456
RRD,2517,9635.8,956.8,1611.8,5511.1,1677.1,9316.6,10,18.8515,243,218.8,501.8,1638.6,4124.7,905.2,7776.152,6798.9,400.6,154.1
DOV,2271.506,7626.658,911.805,1433.98,3815.636,4470.779,6511.623,8,18.6526,242.293,204.316,709.647,1056.828,3811.022,837.526,10015.5703,3962.08,561.782,76.984
DD,17209,45581,4721,10601,27151,14752,49124,8,17.8122,981.378,958.051,6058,8048,17065,6608,38226.2349,39577,3724,689
DJ,313.648,1955.562,147.642,828.114,1456.589,1104.444,1783.87,11,5.9652,102.181,83.647,5.081,242.955,,-514.466,3172.953,887.161,386.564,30.173
FLS,1302.881,2869.235,224.799,884.036,1848.649,492.427,3061.063,15,18.2176,58.631,56.022,547.373,551.815,1020.586,418.845,2827.4303,1982.765,115.032,65.688
PKI,744.766,2510.322,151.503,476.533,932.592,1047.13,1546.358,12,12.8005,123.255,123.255,183.26,268.459,1577.73,268.233,2739.9587,849.103,119.583,9.157
ETN,4408,11417,1053,3407,7311,1947,12370,8,28.0656,146.3,146.3,1293,1928,4106,1001,10992.982,8616,950,104
ECL,1853.557,4419.365,614.442,1502.73,2739.135,1886.76,4895.814,8,6.6852,322.579,251.337,364.886,867.541,1680.23,350.827,11360.4324,2147.489,368.615,51.318
EMR,7330,18672,3022,5374,10342,11620,20133,8,20.2661,476.677,402.347,2222,3716,8154,1956,33740.8194,12405,1845,225
VKSC,99.539,203.755,6.244,46.178,199.573,-19.856,210.391,20,0.4084,10.812,9.938,43.482,34.911,4.182,53.361,15.0064,164.924,1.609,14.407
ESL,468.338,1290.451,89.62,200.599,578.884,432.817,972.275,14,27.7752,25.49,25.49,185.846,197.968,707.989,267.739,960.973,629.763,55.615,21.29
NEU,461.96,744.793,84.632,160.183,443.391,213.139,1263.297,14,17.4322,17.29,17.29,185.581,198.243,301.402,301.777,1020.9745,974.538,57.522,15.603
XOM,75777,219015,56939,48817,101367,192445,335086,2,19.8715,8019,5729,10714,28942,113844,26960,439013.27,251277,39500,1184
FMC,1067.8,2735,328.7,702.5,1656.5,1109.3,2347,11,26.6063,46.496,38.318,219.4,537.9,1019.5,365.3,2933.2429,1520.1,132,45.7
FJCC,86.216,181.36,-22.295,102.145,297.875,-204.299,279.255,23,-5.3507,39.791,32.622,41.473,38.367,,-15.929,32.622,234.426,-124.624,22.768
FOE,622.605,1732.937,109.504,382.884,1182.751,524.998,2041.525,16,12.4152,52.323,42.865,254.513,236.982,541.336,239.721,886.8769,1556.268,20.09,63.027
FLO,242.116,906.59,113.305,185.242,337.857,242.396,1888.654,12,9.3111,67.776,60.451,69.449,131.879,562.863,56.874,1631.5725,950.062,81.043,4.923
F,,278554,-8167,,280860,-7863,160123,17,-1.8309,,1892.538,11578,114645,-3465,,14212.9604,137645,-12613,8783
FUL,669.094,1478.471,130.325,342.442,682.907,622.597,1472.391,11,12.9779,59.932,59.932,128.623,246.35,777.792,326.652,1562.4272,1004.053,134.213,17.521
DNA,5704,14842,3219,2157,5364,-634,9284,5,9.0009,1053,1053,1178,1666,,3547,85429.89,1077,2113,101
GD,9880,22376,2625,7824,12549,9920,24063,8,24.2168,481.881,405.792,5472,2341,9827,2056,30170.6352,19553,1856,156
GLT,375.038,1225.643,50.54,193.29,837.275,487.152,1005.537,13,8.6649,54.362,44.821,192.281,128.255,388.368,181.748,694.7255,824.851,-12.236,24.453
GSK,21528.931,50048.106,14783.513,14229.229,31151.533,24361.067,45707.848,5,6.7456,2995.801,2801.334,4773.108,10082.874,18896.573,7299.702,,8063.556,10554.895,615
GR,3007.5,6901.2,660.7,1632.6,4924.5,405.7,5878.3,11,15.8198,139.042,124.951,1551.8,912.4,,1374.9,5691.5181,4092.9,482.1,130.6
GT,10179,17029,610,4666,16910,-2363,20258,15,-4.2532,195.679,178.219,2789,2973,-758,5513,3740.8168,16390,-330,498
GEF,793.037,2188.001,220.082,491.299,1339.115,868.889,2628.475,13,36.4568,38.422,23.151,205.004,315.661,844.011,301.738,2073.8974,2062.371,142.119,36.093
HSC,1231.622,3326.423,365.32,910.775,2180.059,1497.427,3423.293,9,27.282,68.492,42.019,285.229,753.168,1146.364,320.847,3197.6459,2295.283,196.398,60.478
HAS,1718.315,3096.905,376.363,905.893,1559.015,2031.534,3151.481,12,9.5747,209.695,160.621,203.337,556.287,1537.89,812.422,4376.9223,1236.112,230.055,27.521
HPC,984.5,2808.5,273.7,629.6,2552.9,1324.5,2035.3,14,2.0935,159.998,116.028,210.6,497.4,,354.9,2240.5007,1272.7,238.7,71.5
HSY,1417.812,4157.565,1004.201,1453.538,3474.142,3827.226,4944.23,7,2.968,359.902,230.264,648.82,536.673,683.423,-35.726,11467.1472,2895.479,559.061,117.815
HPQ,48264,81981,6770,35850,43837,20151,91658,8,13.9618,2732.034,2732.034,7750,18555,38144,12414,105838.9972,67727,6198,336
HXL,425.8,1012.9,123.5,219.3,711.3,-158.9,1193.1,14,3.2154,95.5,93.8,171.5,181.5,301.6,206.5,1633.058,884.9,65.9,31.6
HRL,1141.671,3060.306,448.913,585.014,1257.394,1803.206,5745.481,8,13.1274,137.64,137.34,570.932,341.916,1802.912,556.657,4959.3474,4247.408,286.139,25.636
PAS,675.1,4207.4,368.7,693.8,2602.7,547.1,3972.4,8,12.6346,137.6,127,233,267.1,,-18.7,2664.46,2170.8,158.3,105.2
ITT,3347.7,7430,852.7,2759.4,4565.2,2682.2,7807.9,10,15.6533,209.624,183.016,755.9,1288.9,,588.3,10398.9691,6783.6,581.1,86.2
RYN,298.554,1962.882,213.619,193.337,1046.62,465.626,1229.807,11,11.9181,76.88,76.88,75.593,100.309,916.262,105.217,3155.924,816.248,176.418,48.905
ITW,5206.405,13880.439,2435.729,2636.584,4862.931,10853.15,14055.049,5,16.1387,630.901,558.75,1482.508,2773.242,,2569.821,25808.6625,8760.944,1717.746,85.607
ICIYY,4645.799,8400.435,947.963,4641.882,8770.61,-4540.035,9565.802,11,-1.2412,298.25,298.25,951.88,1427.82,,3.917,,5777.869,577.787,240.908
IMO,5309,16141,3845,5348,8735,5729,23231,2,7.7713,952.988,952.988,556,1871,7406,-39,40911.7748,17239,3044,76
TRA,620.505,1572.713,56.859,309.447,879.23,-355.876,1828.714,15,5.1689,92.63,92.63,211.017,198.791,,311.058,1109.7074,1635.822,4.213,47.991
INTC,18280,48368,6207,8514,11616,28927,35382,7,6.3739,5766,5766,4314,2709,36752,9766,116761.5,12354,5044,24
IFF,1079.803,2478.904,328.993,446.771,1573.736,1712.727,2095.39,10,10.123,115.762,89.417,446.606,405.302,905.168,633.032,4395.7397,1136.369,226.5,25.549
IP,8637,24034,1451,4641,15858,2173,21995,11,17.559,493.3,453.5,1909,2704,7963,3996,15464.35,17538,1050,657
IRF,1075.456,2505.023,158.935,254.65,900.691,606.741,1171.118,14,22.2861,71.988,71.988,214.094,182.774,,820.806,2813.291,631.079,107.156,30.952
IVC,655.758,1490.451,73.972,447.976,1005.087,375.938,1498.035,17,15.1785,33.163,31.977,201.756,311.967,485.364,207.782,785.0354,1037.1,-317.774,34.084
SSCC,926,7777,295,1067,5970,-2329,7157,17,6.6236,255.301,255.301,538,345,,-141,2695.9786,5808,-59,349
JNJ,22975,70556,13579,19161,31238,47172,53194,2,13.5897,3119.842,2893.23,4889,8712,39318,3814,191011.0446,12880,11053,181
JCI,9264,21921,1446,8146,14437,6081,32235,9,37.5688,196.012,195.774,1731,5697,7355,1118,14044.8268,27110,1028,269
KDN,497.91,737.556,98.68,51.632,304.376,574.306,403.992,13,15.4195,36.926,28.093,56.043,54.066,,446.278,1116.4158,222.254,69.508,9.554
K,2427,10714,1847.8,4020.2,8645,2584.2,10906.7,10,5.2025,418.515,397.697,823.9,944.8,2069,-1593.2,19908.7118,5654.8,1004.1,310.1
KWD,972.562,1514.576,76.642,330.11,879.45,506.3,1961.75,14,24.5203,34.087,25.902,244.386,302.533,,642.452,849.5856,1522.911,31.402,35.073
KMT,1086.857,2435.272,258.408,462.199,1125.281,708.299,2329.628,11,33.5526,40.356,38.607,334.949,386.714,1295.365,624.658,2403.2858,1426.55,256.283,31.019
KMB,5269.7,17067,2610.2,5015.8,9753.6,6463.4,16746.9,6,13.3832,478.6,455.6,2004.5,2336.7,6097.4,253.9,30958.02,10389.6,1499.5,234.6
KLIC,344.068,405.501,77.442,95.09,326.195,-197.888,696.311,16,1.3863,57.208,57.208,47.866,120.651,79.306,248.978,505.7187,490.227,52.17,3.126
LRCX,1706.369,2313.344,406.265,566.226,917.195,839.063,1642.171,15,9.8469,155.317,141.785,168.714,407.347,1396.149,1140.143,6624.1952,792.777,335.755,0.677
LEG,1894.1,4265.3,489.9,691.2,1914.2,2346.3,5505.4,8,13.2118,198.8,177.954,826.3,853.8,2351.1,1202.9,4253.1006,4369.4,300.3,56.2
LLY,9694.4,21955.4,4125.4,5085.5,10974.7,9538,15691,5,10.0586,1132.578,1091.668,2270.3,2694.4,10980.7,4608.9,56875.9028,2919.1,2662.7,344.8
LMT,10164,28231,3434,9553,21347,5708,39620,9,16.3399,421.3,421.3,1657,4595,,611,38789.091,35422,2529,361
LPX,1504,3436.4,113.5,264.9,1369,1798.7,2235.1,12,19.835,116.939,104.23,246.1,157.4,2067.4,1239.1,2244.0719,1826.8,123.7,53.9
LZ,1836.3,4390.9,384.7,634.4,2656.5,973,4040.8,12,24.3853,86.221,69.021,589,573.6,,1201.9,3460.0227,2907.1,103.6,101.2
MGA,7060,13154,862,4783,5997,4587,24180,8,65.1347,109.88,109.88,1437,3629,,2277,8850.834,21168,528,50
MTW,1142.7,2219.5,303.7,935.4,1445,635.4,2933.3,14,12.4674,79.588,62.122,492.4,285.2,774.5,207.3,3691.9105,2217,166.2,46.3
MRO,10096,30831,8414,8061,15706,10725,59917,10,42.0018,367.852,347.771,3173,4209,14607,2035,32168.8175,48435,5234,245
MAS,5115,12325,1456,3389,7746,4087,12778,10,11.6466,383.89,383.89,1263,1613,,1726,11466.7943,9019,488,240
MAT,2850.138,4955.884,748.118,1582.52,2522.91,1375.279,5650.156,12,6.3309,441.4,384.3,383.149,943.813,2432.974,1267.618,8708.238,2872.035,592.927,79.853
MKC,899.4,2568,353.7,780.5,1631.1,489,2716.4,8,7.1737,130.1,130.1,405.7,379.1,933.3,118.9,5037.208,1514.6,202.2,53.7
MRK,15230.2,44569.8,5963.3,12722.7,24604,37930.8,22636,6,8.1003,2976.223,2167.785,1769.4,3314.8,17559.7,2507.5,94515.426,3760.1,4433.8,375.1
MU,5101,12221,165.2,1661,2539,1484,5272.5,15,10.8273,749.4,749.4,963,956,8114,3440,12949.632,2681.9,407.8,35
MMM,8946,21294,5173,7323,11057,16060,22923,5,13.5614,944.033,734.363,2601,3357,9959,1623,57228.9086,10491,3851,122
MOG.A,728.101,1607.654,145.207,307.606,844.798,476.692,1306.494,13,18.0361,48.605,42.296,282.72,333.492,762.856,420.495,1467.4108,835.869,81.346,21.861
MUR,2107.091,7445.727,1126.239,1311.105,3369.711,3413.234,14247.725,11,21.606,187.692,187.572,411.077,995.089,4052.676,795.986,9538.0362,12328.373,638.279,52.549
NCR,3332,5227,482,1770,3326,1224,6142,12,10.5143,178.9,178.9,677,1408,,1562,7649.764,4217,382,24
NYT,1185.043,3855.928,348.918,1297.994,3030.119,963.842,3289.903,10,5.6989,148.86,143.86,36.696,402.639,819.842,-112.951,3504.1714,1343.685,-543.443,73.512
NWL,2476.9,6310.5,723,1896.6,4420.3,1505.8,6201,10,6.866,291,275.3,850.6,1113.6,,580.3,7969.935,3937.7,385,155
NOC,6719,32009,2566.5,6753,15394,4923,30148,10,48.0311,345.922,345.922,1178,3566,,-34,23418.9194,23957,1542,347
TEX,3432.8,4785.9,710.4,2027.2,3034.9,862.5,7647.6,14,17.3195,104.7,101.1,1502,953,1751,1405.6,6529.038,6143.3,399.9,93.9
NCX,1323,4155,305,1189,3609,24,6519,16,6.6133,82.561,82.561,669,507,,134,2303.4519,5663,-703,176
NVO,3688.982,7913.03,1604.844,1798.368,2579.72,5220.879,6898.139,8,16.8112,336.96,317.247,1487.278,1150.339,5333.31,1890.614,,1349.528,1142.372,63.386
NUE,4675.036,7884.989,2875.674,1450.028,2820.412,5813.175,14751.27,7,16.0359,372.516,300.949,1141.194,1067.322,4825.989,3225.008,16449.8723,10919.187,1757.681,40.351
ZZ,345.259,1002.732,207.084,288.184,1155.307,-838.351,1582.843,15,-1.9086,90.559,90.559,66.126,193.838,,57.075,1347.5179,845.96,73.967,71.961
OLN,919.2,1636.5,150.5,407.8,1093.2,-251.6,3151.8,12,7.412,73.3,73.3,263.3,338.6,543.3,511.4,1210.916,2747.8,149.7,20.3
OC,2552,8470,527,2560,4740,-48,6461,12,28.1804,130.8,130.8,749,573,3686,-8,3910.92,5073,8075,270
OI,2432.7,9320.7,730.2,2365.7,8757.2,-2198.6,7422,15,-0.6211,166.143,154.235,1039,1097.8,356.7,67,2845.6358,5587.7,-27.5,470.7
PPG,4592,10021,1367,2787,6639,6468,11081,8,19.7097,290.573,164.082,1390,2168,3234,1805,10535.7052,7036,711,90
PH,3138.978,8173.432,993.425,1681.105,3932.229,3721.593,9385.888,8,35.2508,120.684,120.315,1182.878,1592.323,4241.203,1457.873,9336.444,7078.331,673.167,75.763
PNR,957.628,3364.979,306.986,521.282,1694.98,1164.83,3154.469,11,16.7373,99.777,99.777,398.857,422.134,1669.999,436.346,3132.9978,2178.12,183.731,52.626
PEP,9130,29930,6506,6860,14562,22591,35137,7,9.4402,1782,1638,1926,3725,15368,2270,102456.9,14580,5642,239
PFE,46949,114837,14923,21389,43479,49200,48201,2,9.9968,8819,7124,6111,9906,71358,25560,184511.6,5216,19337,517
MO,26152,104270,17893,26047,61123,56071,70324,10,18.8925,2805.961,2097.081,12186,6070,39619,105,179971.4914,35681,12022,1331
PHG,19745.351,50804.491,1743.324,12048.861,20282.469,31266.332,35600.227,9,27.4183,1142.827,1106.893,3800.736,6298.929,30349.141,7696.49,,23175.251,7103.945,459.256
COP,25066,164781,24599,26431,80933,42581,167578,9,50.2077,1705.503,1646.082,5153,14106,82646,-1365,118435.5999,131427,15550,1651
PVH,785.003,1998.485,255.092,283.166,1056.328,356.355,2090.648,13,16.8697,55.85,55.849,284.894,92.317,942.157,501.837,3080.0724,1027.213,155.229,34.272
PBI,2918.67,8480.42,1160.063,2746.833,7397.066,4008.384,5730.018,7,3.1644,323.338,220.613,237.817,2148.143,699.189,171.837,10190.1145,2284.427,105.347,228.418
PCH,356.519,1457.607,77.904,196.264,879.748,25.759,1607.827,14,14.8841,38.824,38.824,168.816,135.105,577.859,160.255,1701.2677,1347.25,139.11,29.12
PG,24329,135695,13467,19985,72787,35148,68222,6,19.7386,3975.8,3178.8,6291,5725,62908,4344,176741.28,30850,8684,1119
RTN,9517,25491,1895,6715,14225,1815,20291,10,24.8974,465.701,445.87,2563,1705,11101,2802,23541.936,16192,1283,273
ROK,2188,4735.4,919.1,1293.3,2817.2,2780.9,5561.4,8,11.2307,216.4,170.8,599.5,879.3,1918.2,894.7,9923.48,3213.4,607,58.4
ROH,3411,9553,1104,1988,5400,1902,8234,9,18.42,242.078,218.838,984,1570,,1423,11186.9986,5349,735,105
STJ,1690.165,4789.794,777.91,676.207,1820.807,2833.421,3302.447,10,8.3886,353.932,353.932,452.812,882.098,2968.987,1013.958,12939.7539,754.303,548.251,33.883
SGP,10423,16071,105,4162,8163,9247,10547,9,4.351,2034,1487,1676,1804,,6261,35152.68,3154,1143,184
SEE,1756.7,5020.9,542.8,1406.1,3366.1,848.5,4327.9,11,20.5145,86.489,80.665,509.4,721.3,1654.8,350.6,5236.7718,2930.6,274.1,153.2
SHW,2450.281,4995.087,903.096,2074.815,3002.727,3223.1,7809.759,9,14.9168,222.985,133.565,825.179,864.972,1992.36,375.466,8492.0627,4249.202,576.058,67.162
SIAL,1112.9,2334.3,402.7,442.6,923.4,2606.3,1797.5,8,21.3773,100.9,66,596,248,1410.9,670.3,5129.52,786.4,276.8,31.4
SNA,1113.2,2654.5,224.7,682,1561.4,1201.5,2522.4,9,18.5023,67.082,58.171,323,559.2,1076.3,431.2,2771.2664,1323.5,100.1,20.6
SON,942.798,2916.678,346.088,659.824,1697.61,781.891,3656.839,10,12.124,100.55,100.55,303.848,492.309,1219.068,282.974,3826.933,2786.936,195.081,51.952
SMP,461.838,640.092,37.171,278.525,449.393,116.022,812.024,18,10.3776,20.486,18.376,233.97,183.664,190.699,183.313,275.2725,591.303,9.411,19.275
SWK,1638.5,3935.4,526.3,1251.1,2383.4,1801.8,4018.6,8,18.9636,92.343,81.841,598.9,749.6,,387.4,4115.7839,2416.9,289.5,69.3
SYK,3534.3,5873.8,1127,1351.5,1682.8,3581.1,5405.6,7,10.2746,407.9,407.9,677.6,907,4191,2182.8,22479.369,1725.2,777.7,9.5
SQA.A,1158.04,2031.604,132.181,443.484,1257.046,501.188,2183.816,15,65.6797,11.761,11.344,527.614,404.435,,714.556,1304.7809,1726.611,65.606,78.194
ATI,1987.9,3282.2,897.5,645.5,1789.6,845.5,4936.6,14,14.7489,101.201,101.201,798.7,610.9,1492.6,1342.4,9176.9067,3671,571.9,38.3
TEN,1415,3274,227,1119,3020,-2324,4682,15,4.9356,47.085,45.79,441,595,226,296,1131.9288,3813,49,136
TXN,7854,13930,3255,2078,2570,17166,14195,8,7.8343,1739.109,1450.031,1437,1774,11360,5776,41760.8928,5806,4341,12
TXT,,17550,1413,6317,14901,5567,11490,9,21.0368,208.984,125.596,2069,9181,2649,,11777.1369,8238,601,438
TMO,3659.536,21262.238,365.296,2152.321,7350.411,1923.568,3791.617,10,33.3933,424.24,416.605,1164.465,1392.743,,1507.215,18868.0405,1905.159,168.935,51.93
TNB,868.37,1830.223,245.813,248.529,761.864,767.933,1868.689,11,17.9638,59.473,59.473,218.536,204.27,,619.841,2811.8834,1251.457,175.13,29.94
TKR,1900.28,4031.533,352.895,835.569,2555.353,672.605,4973.365,12,15.6767,94.244,94.164,952.31,673.428,1476.18,1064.711,2747.7055,3752.453,222.527,52.668
TTC,657.093,921.983,207.69,345.539,529.954,351.673,1840.805,12,9.7143,54.033,40.356,238.544,294.833,392.029,311.554,1741.765,1150.592,129.145,18.432
TSN,4187,11121,-7,2846,6681,2798,25559,12,12.507,370,355,2057,1183,4440,1341,5634.1287,24147,-196,276
USG,2707,5365,951,1764,3831,-443,5810,13,17.07,94.908,89.865,348,1550,1534,943,4924.602,4302,288,27
UFI,280.958,732.637,-0.02,101.418,349.684,376.804,738.825,19,7.3351,52.208,52.208,116.018,93.236,,179.54,151.4032,647.386,-14.366,19.247
UL,12538.47,48923.918,7136.938,18322.715,33520.38,17635.151,52315.547,7,5.3301,3024.884,2889.908,5009.581,5032.016,15403.538,-5784.245,,25270.934,6261.977,797.099
DOW2,3485,8190,873,943,3767,4299,7528,12,4420000,0.001,0.001,199,3174,4420,2542,,6284,1046,64
SGMS,344.702,1759.61,150.65,194.023,1231.532,69.343,897.23,14,5.7633,92.768,91.628,59.464,178.445,528.078,150.679,2769.9144,507.547,66.761,43.393
SXT,551.702,1454.067,129.277,260.61,749.963,775.95,1098.774,13,15.1193,53.955,46.57,333.07,178.307,704.104,291.092,1145.622,723.462,66.425,35.748
VFC,2578.01,5465.693,826.144,1014.848,2195.128,1683.223,6215.794,9,29.1052,118.222,112.185,958.262,809.594,3265.172,1563.162,9208.1448,3407.247,533.516,57.259
VMI,494.658,892.31,109.39,216.922,482.74,409.193,1281.281,14,15.6542,27.9,25.634,194.278,213.66,401.281,277.736,1422.4307,919.114,61.544,17.124
VSH,1727.247,4691.896,271.22,534.414,1606.289,832.395,2581.477,14,16.7015,185.017,184.463,536.853,351.656,3080.813,1192.833,2497.629,1715.386,139.736,32.215
FTO,939.216,1523.925,537.894,459.698,748.071,720.058,4759.661,15,7.0312,134.509,110.344,374.576,138.862,,479.518,3171.2866,4128.066,379.277,15.939
MWV,2015,9285,381,1465,5752,161,6530,11,19.4007,182.107,182.107,715,1011,3533,550,5474.1364,4876,93,211
WHR,6476,13878,879,6002,10547,2562,18080,11,42.0897,102,78,2348,2676,3283,474,6475.56,14899,433,202
WWY,1481.227,4661.598,866.547,1027.129,2273.506,2885.039,4686.011,7,8.6242,290.551,276.907,592.985,463.231,,454.098,14332.2682,2011.002,529.377,61.82
XRX,8754,21709,1782.5,4698,14521,2555,15884.5,12,7.4825,954.568,946.205,1163,5121,7080,4056,16038.1748,8547,1210,544
OSK,1003.394,2110.908,334.328,882.074,1045.245,856.958,3427.388,14,14.3985,73.772,73.751,589.77,317.92,1061.905,121.32,3722.213,2790.275,205.529,7.354
AEPI,170.8,336.08,69.378,85.264,278.487,32.208,802.109,16,7.3032,10.768,7.886,70.54,76.66,57.593,85.536,415.4345,623.051,62.929,16.541
EMC,6520.587,18566.247,1405.732,3881.104,8240.54,7739.93,11155.09,10,4.8652,2122.339,2122.339,834.8,1692.214,10325.707,2639.483,28014.8748,4466.591,1223.982,34.123
BYI,329.354,687.881,-24.793,198.837,543.119,-80.024,547.144,18,2.752,52.88,52.354,69.995,135.763,,130.517,862.2704,268.732,-46.071,27.509
XRIT,105.475,462.259,12.65,63.065,276.649,82.088,179.803,16,6.4969,28.569,28.569,30.165,40.226,,42.41,351.3987,59.058,-25.491,9.558
GENZ,1989.501,7191.188,606.872,651.439,1530.477,566.864,3187.013,11,21.5215,263.026,263.026,374.644,746.746,,1338.062,16197.1411,613.637,-16.797,24.678
RDS.A,91885,235276,37678,76748,120331,108497,318845,5,33.3266,3227.57,3172.42,23215,32874,105726,15137,,251714,25442,1713
HOG,3550.633,5532.15,1662.281,1595.677,2775.413,5253.967,6185.577,7,10.6829,334.328,258.052,287.798,2244.415,2756.737,1954.956,18184.9244,3468.476,1043.153,59.761
WTS,952.382,1660.85,129.506,299.358,828.326,454.905,1230.777,11,21.4505,38.533,38.533,316.416,228.502,826.553,653.024,1584.0916,765.801,73.736,22.148
VHI,779.357,2804.726,112.507,253.262,1814.251,796.088,1481.363,16,7.544,118.88,114.896,309.029,230.946,866.779,526.095,2984.9981,1066.926,141.682,67.607
PPC,1105.674,2426.868,3.002,576.837,1307.582,646.884,5235.565,15,16.7878,66.556,66.556,585.94,302.316,1117.328,528.837,1820.3066,4807.465,-34.232,54.899
HAR,1249.357,2354.661,406.74,869.001,1123.781,1193.294,3247.897,15,18.5902,82.755,66.065,356.457,444.474,1228.164,380.356,5639.9691,1965.378,255.295,27.727
PLAB,318.887,1045.683,57.472,191.196,385.404,235.724,454.875,15,14.8073,41.485,41.485,19.209,84.299,614.282,127.691,580.3752,222.442,29.332,11.916
CNMD,249.883,861.571,58.621,75.205,421.217,238.813,646.812,15,15.737,31.304,27.982,151.687,75.867,440.354,174.678,646.9438,292.793,-12.507,19.12
XRAY,718.191,2181.35,322.601,311.434,907.293,1433.07,1810.496,10,8.3915,162.8,151.8,232.441,290.791,1273.835,406.757,4531.23,834.051,223.718,10.801
MEOH,990.254,2443.491,693.247,340.62,1234.24,724.166,2108.25,12,11.4295,105.801,105.801,244.766,366.387,,649.634,2895.7734,1308.175,482.949,44.586
GNA,1597.043,3176.388,551.029,525.691,1296.673,835.847,4464.203,13,6.0651,305.377,305.377,823.462,484.451,,1071.352,2723.9628,3610.812,378.646,46.825
APH,934.605,2195.397,445.339,447.659,1292.403,1061.452,2471.43,12,10.1309,89.736,89.133,416.499,383.858,902.994,486.946,5533.3766,1610.658,255.691,38.799
TEVA,7640,20471,2287,4071,9294,4049,8408,11,14.6992,793,758,1879,2922,11142,3569,,3634,546,179
MERC,292.709,1719.033,104.922,158.367,1430.281,30.359,823.462,17,8.1419,35.465,35.465,82.952,109.297,,134.342,420.9696,627.573,83.418,118.55
ELUXY,6451.523,9664.482,647.186,5312.107,7733.898,1279.447,15195.341,10,13.8426,154.46,139.467,1761.874,3354.89,,1139.416,,11253.109,562.904,115.888
SU,2302,18781,3395,2158,9829,8058,14842,9,19.4632,459.944,459.944,589,1083,8952,144,42218.2598,10752,2971,150
BEC,1338.1,3291.7,299,711.6,2137.4,1037.8,2528.5,11,18.923,68.3,61,455.8,671.5,,626.5,3647.8,1148.8,186.9,53.4
LYO,5146,17846,1738,3207,14484,-288,22228,15,12.8048,249.764,248.97,2259,2168,,1939,6366.1629,19053,186,631
PCZ,2826,22646,4366,3348,12205,8606,18911,11,20.9853,497.538,497.538,632,1600,,-522,23757.4395,13180,1740,216
VLO,10760,37753,8006,8822,19148,12216,91051,11,30.8151,627.501,603.763,4430,4421,18605,1938,30888.5151,80793,5463,378
TRS,311.6,1286.06,104.95,205.27,1053.28,-166.5,1020.53,16,11.2129,20.76,20.76,165.36,99.24,,106.33,,720.71,-128.91,79.06
IEX,417.908,1670.821,217.206,187.252,691.549,664.565,1154.94,11,18.237,53.779,53.697,160.687,166.485,979.272,230.656,2545.7748,647.577,146.671,16.353
CRH,8822.854,24209.897,2347.879,5052.339,14834.352,6090.679,24727.747,10,17.29,542.79,542.162,2687.437,3946.694,,3770.515,,16773.783,1597.101,497.263
PCL,513,4661,443,281,2572,204,1627,12,11.7956,186.6,177.1,86,47,2089,232,7057.435,943,317,133
CRUS,321.037,353.06,13.298,34.62,48.123,-621.963,182.304,17,3.4588,88.163,88.163,16.496,19.127,304.937,286.417,675.3286,66.908,27.895,0
LEA,3890.3,7850.5,458.7,3887.3,7248.5,-526.6,17838.9,17,7.8949,81.984,76.252,581.5,2006.9,602,3,2251.7216,16427.1,-707.5,209.8
SLR,4351.7,5373.6,114.3,2304.2,2959.9,-5172.5,10560.7,15,2.6647,905.8,905.8,1516.1,1429.3,,2047.5,2844.212,9839.6,133.2,28.5
DEO,8944.097,25752.416,3751.823,6166.749,17096.779,8659.335,13424.466,9,12.0778,762.75,689.25,4411.953,2943.767,8324.648,2777.348,,5005.514,3528.083,928.248
SMG,942,2217.6,325.9,496.2,1135.9,639.1,2703.9,14,16.616,66.6,65.1,409.2,380.4,,445.8,2896.299,1690.1,132.7,40.1
CRWFF,783.322,1830.621,139.393,500.798,1262.538,377.963,1940.639,15,9.7346,58.357,58.357,50.974,535.377,568.083,282.524,1152.5508,1403.706,51.753,51.687
FBRWY,2123.795,7748.944,836.424,1167.489,4422.178,642.015,3800.428,11,1.6479,2018.8,2018.8,948.734,713.35,,956.306,,1925.081,865.67,203.613
CSCO,25676,43315,7087,11313,19397,-345,28484,7,3.9465,6059,6059,1371,3611,23912,14363,108334.92,8837,5580,148
BEAV,725.7,1497.7,148.3,269.7,791.7,-222,1128.2,12,8.8805,79.5,79.5,420.9,172.9,706,456,2041.56,702.4,85.6,42.8
ORB,450.233,744.494,67.92,206.425,350.175,-173.157,802.761,14,6.693,58.915,58.915,30.053,165.755,,243.808,1086.3926,629.533,34.884,12.272
XLNX,1700.102,3179.355,352.476,303.369,1406.615,919.893,1842.739,12,5.991,295.902,295.902,174.572,219.754,1772.74,1396.733,7613.5585,662.645,350.672,
3525B,167.304,1423.501,138.668,89.243,1030.661,83.03,424.134,16,392840,0.001,0.001,71.436,59.014,,78.061,,212.274,54.386,59.59
BHE,1170.61,1406.12,130.224,409.718,421.098,392.47,2907.304,15,15.2125,64.862,64.751,420.347,462.953,985.022,760.892,1577.3344,2680.403,111.677,0.354
ETH,423.756,812.241,146.913,145.718,394.799,530.431,1066.39,9,12.9963,46.687,32.12,189.65,22.179,417.442,278.038,1173.986,503.809,85.682,9.493
NOK,24527.944,29847.655,7127.7,13409.472,13932.073,14737.09,54592.03,8,4.0133,4095.043,3965.73,2050.814,7770.394,15915.582,11118.472,,36242.921,5682.628,52.788
CEPH,1197.865,3045.497,308.281,1377.376,1736.037,-320.899,1750.796,16,19.9625,67.853,65.596,174.3,270.045,,-179.511,4618.6144,271.061,144.816,18.922
X,5196,10586,1707,2702,6183,1616,15715,13,36.8215,123.786,118.545,1604,1799,4365,2494,8670.3813,12968,1374,116
MEDI,1205.5,2953.2,-57,411.2,1576,-824.1,1276.8,11,5.772,255.5,238.6,85.3,238.7,,794.3,7723.482,200.9,48.7,19.7
JNY,1278.6,3787,447.5,615.4,1575.4,2220.5,4742.8,12,20.4968,153.2,107.9,636.3,411.6,,663.2,3607.097,2928.6,-144.1,58.7
BUCY,376.52,600.712,102.627,170.266,304.716,-10.451,738.05,15,9.3738,31.686,31.577,176.277,162.535,,206.254,1634.4255,540.175,70.344,5.528
BIIB,1712.567,8552.808,741.811,582.855,1403.03,-838.972,2683.049,11,21.1423,345.637,338.174,169.102,539.355,7149.778,1129.712,16634.7791,165.983,217.511,2.971
ROP,627.495,2995.359,337.653,587.649,1508.52,790.565,1700.734,12,16.9384,90.035,87.779,168.319,324.514,1486.839,39.846,4410.017,762.714,193.324,44.801
MHK,2378.911,8178.394,839.06,1595.763,4463.131,2885.901,7905.842,12,54.8257,78.816,67.765,1225.874,851.428,3715.263,783.148,5072.8879,5404.014,455.833,181.174
BSX,4901,31096,1602,2630,15798,-117,7821,11,10.3738,1486.403,1474.674,749,1424,15298,2271,25334.8993,1866,-3577,435
BGC,1734.3,2218.7,235.9,995.2,1784.3,236.2,3665.1,15,8.2555,57.001,52.002,563.1,723.7,434.4,739.1,2273.0074,3148.6,135.3,40
AGN,1261.676,3760.577,177.368,689.929,2080.189,1042.711,1979.244,8,16.3993,111.867,102.467,517.236,384.692,1680.388,571.747,2667.216,1162.047,-445.005,22.082
PRM,323.104,1254.329,109.688,295.267,1777.559,-2817.028,849.309,17,-1.9789,272.853,264.411,12.978,115.284,,27.837,446.8546,404.741,38.252,128.113
JAH,1563.7,3882.6,352.6,724.1,2625.2,287.8,3846.3,16,17.5615,72.8,71.6,659.2,558.8,1257.4,839.6,2490.964,2825.8,106,112.6
8135A,500.1,944,-16.2,377.1,2161.6,-2092.6,1331.4,19,-254440,0.005,0.005,186.5,207.8,-1217.6,123,,516.8,-244.5,156.3
SANM,3491.003,5862.43,218.405,1974.249,3591.867,-3501.452,10955.421,16,4.2607,551.78,532.905,1318.4,1526.373,,1516.754,1993.0647,10204.642,-141.557,121.813
AGU,1559,3265,239,960,2032,611,4193,11,9.2707,133,133,747,566,,599,4188.17,3269,33,63
JBL,3678.965,5411.73,323.392,2701.334,3117.249,1229.139,10265.447,12,11.3066,211.351,202.932,1452.737,1305.531,2294.481,977.631,5444.6656,9326.194,164.518,25.107
AZN,16936,29932,8062,9447,14516,13250,26802,4,9.988,1532.246,1532.246,2250,6159,15304,7489,,4609,6043,72
TWI,309.933,585.126,33.011,62.924,397.949,25.34,679.454,16,9.4064,30.577,19.899,154.604,73.882,187.177,247.009,400.9649,574.976,5.144,17.001
PERY,314.596,593.206,59.305,84.914,344.21,152.236,829.842,16,16.8454,14.641,14.641,139.69,157.42,246.634,229.682,440.5477,554.491,22.409,21.114
OFIX,233.968,862.285,48.853,61.04,469.65,262.693,365.359,15,23.8742,16.446,16.446,70.395,104.662,392.635,172.928,822.3,86.025,-7.042,8.361
BWA,1437.5,4584,351.8,1034.8,2546.5,1003.8,4585.4,9,32.5065,57.697,57.693,386.9,767.3,1875.4,402.7,3405.0409,3496.4,211.6,48.7
KOF,1025.233,6946.988,848.835,1115.422,3105.699,2260.938,5346.359,10,20.194,184.653,184.653,258.993,299.272,,-90.189,,2656.79,452.151,196.676
BDC,719.436,1355.968,151.39,262.008,512.067,363.082,1495.811,13,19.114,50.335,44.151,202.248,217.908,843.901,457.428,1725.8626,1107.08,65.935,13.096
OMG,1210.041,1618.224,78.459,749.289,792.859,250.203,660.104,16,26.2981,29.801,29.739,216.492,82.931,782.079,460.752,1346.5819,443.596,216.073,38.659
ROCK,455.78,1152.868,120.304,124.415,602.64,333.985,1303.355,14,18.4121,29.884,29.884,254.991,169.207,,331.365,702.5728,1016.107,57.269,27.859
ITRI,596.445,988.522,62.543,103.584,597.54,39.964,644.042,16,15.2281,25.675,25.675,52.496,109.924,390.982,492.861,1330.992,361.491,33.759,18.685
EMN,2422,6173,673,1059,4144,2012,7450,11,24.2904,91.579,83.531,682,754,2029,1363,4954.2236,5879,409,112
ALB,960.854,2530.368,266.659,482.949,1502.27,828.104,2368.506,11,21.6761,47.43,47.43,378.302,400.053,1028.098,477.905,3405.474,1704.742,142.969,45.164
AKS,2547.5,5517.6,81.4,931.5,5100.6,-1301.2,6069,16,3.7797,119.025,110.325,857.6,696.8,417,1616,1864.4925,5585.9,12,92.4
IR,579.718,1750.231,235.073,326.344,897.701,390.02,1669.176,9,16.1998,56.361,52.626,225.067,261.115,852.53,253.374,1963.4761,1084.057,132.908,37.379
FLEX,5591.047,12341.374,491.202,4488.068,6141.315,252.86,18853.688,13,10.1666,607.545,607.545,2562.303,1754.705,,1102.979,6646.5423,17497.159,508.638,
BTH,479.918,774.638,83.296,140.1,410.945,557.027,1220.611,15,9.254,50.637,39.301,148.321,35.04,,339.818,817.0678,566.812,-103.173,19.074
FTI,6130.93,10641.269,475.752,6157.324,7451.818,1021.447,9250.701,11,30.244,106.117,104.781,957.442,1183.771,,-26.394,,7996.194,264.072,90.531
STM,6586,14198,757,1963,4399,6902,9854,9,10.8614,910.158,897.395,1639,1972,9747,4623,,4658,782,50
CAM,2907.652,4350.75,529.417,1628.212,2609.311,777.284,3742.907,10,15.5084,116.171,112.29,1009.414,696.147,1741.439,1279.44,5956.9845,2626.513,317.816,20.677
WAB,547.191,972.842,137.058,243.791,502.953,387.298,1087.62,14,9.7384,66.175,48.251,145.481,177.345,469.889,303.4,1465.8654,763.024,84.804,1.586
SNDK,4241.861,6967.783,556.405,896.447,2193.673,1111.013,3257.525,15,21.0497,226.518,226.518,495.984,708.87,4768.134,3345.414,9747.0695,1898.71,198.896,10.6
LXK,1830,2849,567.8,1324,1813.8,496.6,5108.1,11,10.6722,107.9,97,457.8,584.3,1035.2,506,7100.4,3220.4,338.4,12.1
EL,2176.9,3784.1,711.7,1438.2,2136.4,2426.6,6463.8,8,7.661,250.143,211.761,766.3,771.2,1622.3,738.7,8188.7979,1491.2,244.2,23.8
SMOD,377.705,426.456,56.109,196.674,279.561,62.189,707.406,15,2.514,58.431,58.431,65.902,208.652,,181.031,578.4669,572.162,32.306,11.462
HW,310.037,1661.729,181.803,164.741,860.771,300.806,1121.387,15,19.0468,42.306,42.052,62.519,131.608,,145.296,981.9142,728.165,102.058,37.9
RDEN,515.92,759.903,68.257,234.978,482.056,50.322,954.55,16,9.7384,29.869,28.531,269.27,181.08,277.847,280.942,510.1343,550.478,32.794,23.424
CENX,517.639,2185.234,309.159,646.277,2055.524,-302.885,1558.566,15,3.9962,32.458,32.458,145.41,150.913,129.71,-128.638,1449.2497,1140.824,-40.955,45.863
3POLGA,316.239,742.097,45.797,156.792,616.347,-64.465,1021.608,15,5.6544,19.294,19.294,132.53,129.287,,159.447,492.9277,806.081,-34.532,32.848
GETI,282.946,730.206,56.683,135.175,634.273,12.681,611.368,16,9.2707,10.36,10.348,46.885,80.413,,147.771,357.9373,467.492,-2.103,25.565
TUP,586.6,1712.1,147.2,381.6,1311.6,419.8,1743.7,14,6.6132,62.367,60.561,232.7,167.8,400.5,205,1369.2842,542.1,94.2,55.1
LVB,282.678,447.175,20.533,66.048,289.174,115.161,384.62,16,18.8635,10.421,8.376,154.623,75.161,,216.63,245.2329,266.07,-0.668,15.82
GES,558.892,836.925,127.784,283.896,401.113,365.246,1119.945,14,9.3619,66.948,46.044,165.232,133.406,431.06,274.996,2920.5709,627.751,123.168,6.195
LYO1,1010,2414,32,509,2226,-943,1948,16,143000,0.001,0.001,440,347,,501,,1649,159,78
SPSX,725.325,1026.819,123.98,287.094,639.165,96.345,2938.153,15,17.6069,20.692,20.389,289.334,335.62,,438.231,677.9343,2637.005,57.349,31.561
NOV,4965.6,9019.3,1119,2665.2,3960.3,1560,7025.8,10,28.6122,175.572,175.572,2137.7,1614.6,5023.5,2300.4,10741.495,5105,684,48.7
CNH,8784,18274,1450,6440,13045,-1581,12998,13,21.6798,236.32,236.165,2735,3677,5120,2344,6447.3045,9617,292,578
STLD,1036.197,2247.017,659.114,399.49,1014.485,1093.271,3238.787,13,12.6941,107.865,96.983,569.317,408.376,1231.108,636.707,3147.0984,2297.695,396.707,33.804
CIEN,1098.186,1839.713,-24.679,161.603,1086.087,-4753.076,564.056,17,8.8775,84.892,84.892,106.085,118.642,753.626,936.583,1995.8109,286.005,0.595,24.165
SLGN,717.752,2008.379,230.992,432.964,1641.839,279.869,2667.519,13,9.7515,42.924,37.588,426.591,232.429,366.54,284.788,1650.865,2178.938,104.016,60.868
ALV,2098.4,5110.8,521,1531.6,2622.8,1219.3,6188,9,29.9988,102.8,80.1,545.4,1266.7,2402.9,566.8,4830.03,4682,402.3,46.9
KNL,248.384,632.137,118.515,171.214,627.753,-0.515,982.152,14,0.0894,55.386,49.038,75.93,132.97,4.384,77.17,1078.836,643.921,58.633,23.717
RL,1685.9,3758,652.2,640.3,1419.1,1782.8,4287.4,10,22.451,111.9,104,526.9,467.5,2334.9,1045.6,9167.6,1959.2,400.9,21.6
MT,39362,112166,7499,24560,61975,16628,58870,11,30.4107,1392.308,1385.269,19238,9289,42127,14802,,45938,5226,1124
SRI,254.032,501.807,33.126,118.117,323.185,28.695,708.699,16,7.5039,23.99,23.804,58.521,106.985,178.622,135.915,194.9548,523.619,14.513,24.644
FCS,1028.5,2045.6,123.9,262.5,911.2,-181.5,1651.1,15,9.2252,123.122,122.729,238.9,163.3,1134.4,766,2063.0745,1061,83.4,42.3
IN,549.13,810.34,29.63,190.236,392.738,-240.464,849.969,15,6.9233,60.318,60.318,119.027,158.369,,358.894,1463.9179,507.029,32,9.36
MTD,669.77,1587.085,214.418,384.379,956.223,476.37,1594.912,11,16.4159,44.786,38.43,148.372,306.879,630.862,285.391,3030.2055,785.414,157.532,17.492
HWK,173.961,229.254,14.366,57.194,182.525,-5.493,212.05,17,5.0126,9.188,9.017,38.89,34.502,46.729,116.767,107.9335,157.862,2.969,11.182
SCS,1229.6,2399.4,148.1,644.1,1161.5,972.2,3097.4,12,8.4299,146.846,146.846,144,352.6,1237.9,585.5,2851.7493,2026.8,106.9,18.5
3368B,307.509,663.355,60.01,92.094,952.286,-256.426,742.683,21,-288931,0.001,0.001,135.758,145.699,,215.415,,595.792,-84.311,104.831
SNY,16047.552,102623.831,7197.643,13563.877,42155.177,57239.348,38916.633,6,22.2801,2718.869,2700.988,4828.782,9338.197,,2483.675,,8820.875,5286.718,488.289
NVS,21404,68008,8614,16234,26714,40246,36031,2,17.5852,2728.971,2348.231,4498,7971,41294,5170,,8449,7175,266
ALU,21394,54599,915,16067,33496,-5275,16209,15,9.0833,2309.679,2250.939,2981,5928,,5327,,10371,-232,318
AG,22.094,112.675,-6.557,18.74,56.687,5.857,4.159,13,1.5386,35.038,35.038,1.02,,53.91,3.354,148.5611,6.195,-5.666,0.136
AMKR,837.857,3041.264,391.483,622.762,2642.741,-1047.452,2728.56,16,2.2117,178.109,178.109,164.178,386.857,393.92,215.095,1663.5381,1775.055,170.084,168.159
LLL,3929.8,13286.7,1279.1,2376.4,7896.5,1929.4,12476.9,12,42.4754,125.238,124.917,784.4,2485.7,5305.9,1553.4,10215.7123,10729.1,526.1,296.1
KG,1673.473,3329.531,611.668,617.796,1040.925,1043.62,1988.5,14,9.4123,243.151,243.151,215.458,265.467,,1055.677,3870.9639,426.623,288.949,11.1
CLS,3120.8,4686.3,139.2,1725.9,2591.7,-1661.3,8811.7,16,9.1928,227.853,227.853,1197.9,1004.4,2094.6,1394.9,1779.5319,8256.7,-150.6,67.1
NVDA,2031.77,2675.263,484.954,638.807,668.344,1198.001,3068.771,15,5.5595,388.309,360.989,354.68,518.68,2006.919,1392.963,11064.3129,1752.322,448.834,0.021
AXL,639.4,2597.5,51.9,541.3,1783.8,603.2,3191.7,14,16.1129,55.6,50.5,198.4,327.6,813.7,98.1,958.995,2748.1,-222.5,46.2
PBG,2749,11927,1017,2051,9303,2347,12730,8,9.0609,310,230,533,1367,,698,7109.3,6161,522,298
RAI,4935,18178,2066,4092,11135,-1659,8510,13,23.8241,295.625,295.625,1155,169,7043,843,19354.5688,4669,1210,270
JNPR,2521.806,7368.395,323.539,762.617,1253.311,-1530.969,2303.58,14,10.7427,569.234,569.234,0,249.445,6115.084,1759.189,10781.292,671.223,-1001.437,
BMRN,334.224,463.436,-43.947,46.045,345.634,-591.649,84.209,18,1.2843,91.726,91.726,25.075,14.67,117.802,288.179,1503.3891,1.94,-28.533,13.411
LII,1018.4,1719.8,182,651.1,915.4,307.4,3671.1,14,11.9781,76.975,67.156,305.5,502.6,804.4,367.3,2055.6452,2471.6,166,10.1
OMN,157.8,338.9,24.1,93.5,290.4,-261.2,699.1,16,1.1548,43.1,42,33.4,94.4,,64.3,200.76,549.2,21.3,20.3
PTV,838,2758,429,549,1896,95,2917,11,6.4292,171.783,132.676,296,323,,289,4735.2064,2029,274,75
CHRT,1181.961,3618.431,77.045,613.492,1943.4,-1275.358,1414.525,12,5.6345,253.59,253.59,157.047,243.361,,568.469,,568.288,66.754,100.012
A,3958,7369,515,1538,3710,1563,4973,12,8.9412,535,408,627,692,3648,2420,14524.8,2122,3307,69
PKG,646.718,1986.976,234.456,388.338,1295.205,261.217,2187.046,11,6.6128,104.611,104.611,195.946,263.159,691.771,258.38,2311.9031,1590.969,125.032,39.603
EPC,1635.1,3132.6,473.2,926.9,2920.2,1015.4,3076.9,13,3.7478,97.084,56.673,553.9,735.4,212.4,708.2,4079.8893,1481.4,260.9,77.9
VC,3565,6938,23,2568,6855,-3695,11418,17,-1.4574,131,129,520,1877,-188,997,1093.92,10307,-163,190
9971B,139.699,1427.783,113.268,124.042,1160.824,61.518,835.876,15,25.9008,2.314,2.298,21.289,106.032,59.52,15.657,,261.758,1.077,57.764
AMMD,233.584,1122.507,85.555,102.533,841.345,27.324,358.318,15,3.9567,71.059,71.059,37.974,91.938,,131.051,1316.0127,64.177,-49.317,19.942
TTMI,271.748,573.698,55.233,144.343,286.383,119.423,369.316,15,6.8257,42.093,42.093,67.02,126.152,287.315,127.405,476.9137,263.873,35.039,3.394
COL,1927,3278,689,1324,2072,712,3868,8,7.2172,183.8,167.1,727,821,,603,9163.764,2635,477,13
BG,8393,14347,593,4515,8269,2287,26274,12,41.4985,119.956,119.956,3684,2175,5668,3878,8698.0096,24357,521,294
DJO,169.774,668.334,47.409,67.162,398.065,106.325,413.058,15,12.1099,22.318,22.318,47.214,90.236,,102.612,955.6568,154.656,12.641,20.181
ACW,398.24,1233.187,167.542,186.899,969.605,8.243,1408.155,16,7.5633,34.926,34.85,103.653,142.665,,211.341,392.411,1120.126,65.133,52.886
AYI,737.645,1444.116,198.901,427.794,901.857,175.663,2393.123,12,12.5922,48.063,43.063,209.319,379.622,542.259,309.851,1840.082,1384.084,106.562,34.535
KYPH,301.473,428.606,61.235,73.427,83.906,60.184,407.79,16,7.6704,44.969,44.939,11.869,73.859,,228.046,1815.5356,45.191,39.732,
0252B,114.009,242.665,42.163,54.542,164.39,21.643,428.616,17,94.6493,7.693,0.827,51.332,46.714,,59.467,,328.806,16.254,14.302
0282B,62.374,156.741,16.484,34.354,242.602,-92.386,271.603,18,-7.1965,11.931,11.931,21.527,33.976,,28.02,,211.375,-28.766,18.715
STX,4333,9544,921,3337,4332,2355,9206,13,9.0494,575.948,575.948,891,1445,5212,996,13039.4627,6453,840,41
DADE,712.7,1875.4,225,367.3,1066.2,333.4,1739.2,12,9.7659,82.86,82.86,189.7,359.5,,345.4,3298.6566,673.6,120,26.9
TPX,237.556,725.666,209.305,131.767,512.318,144.6,945.045,14,2.5636,99.215,83.222,61.736,142.647,213.348,105.789,1702.7221,459.593,112.322,29.114
HSP,1522.89,2847.587,436.195,606.226,1486.498,625.875,2688.505,11,8.7314,163.468,155.884,626.934,335.334,,916.664,5234.5847,1538.32,237.679,44.424
XRM,254.062,990.726,92.324,109.033,874.146,-85.421,601.439,16,2.6616,43.8,43.8,103.853,109.694,116.58,145.029,428.802,308.177,31.288,41.893
CVGI,265.106,590.822,97.474,129.738,325.917,90.762,918.751,15,12.3967,21.375,21.369,88.723,123.471,264.905,135.368,465.8442,754.344,58.05,14.829
WLK,849.787,2082.098,309.15,321.912,908.557,744.995,2484.366,13,17.9801,65.269,65.269,456.276,308.903,1173.541,527.875,2048.1412,2017.105,194.559,20.112
NP,222.4,744.7,35.1,129.5,559.8,-39.8,594.3,16,12.4848,14.812,14.81,82.1,117.4,184.9,92.9,523.0892,474,62.5,19.7
HUN,3336.6,8444.9,622.4,2073.1,6678.9,-1339,10623.6,15,6.5674,221.549,220.652,1520.1,1271.3,1736.6,1263.5,4185.7684,8671.3,229.8,367.1
BLDR,440.311,748.515,146.611,144.715,491.651,128.889,2239.454,16,7.3744,34.832,34.832,122.015,196.658,256.864,295.596,621.0546,1643.699,68.893,28.718
KOP,349.5,649.4,95.6,187.2,729.6,-213,1159.5,16,-4.4573,20.85,20.73,156.4,142.1,-92.4,162.3,540.4311,965.3,15.2,47.5
ALJ,515.173,1408.785,239.066,286.394,1108.923,108.24,3198.084,16,6.2028,46.806,46.806,311.464,126.634,290.33,228.779,1231.4659,2842.988,157.368,20.967
DRC,669.032,1771.329,164.466,471.5,1139.458,112.205,1501.527,15,7.3923,85.477,85.477,183.029,305.05,631.871,197.532,2091.6222,1047.446,78.759,47.877
SPR,1420.5,2722.2,301.4,569.7,1863.2,-1,3207.7,14,6.3773,134.697,134.697,882.2,264.9,859,850.8,4508.3086,2559.6,16.8,46.4
DEIX,321.326,678.707,56.688,160.388,554.316,9.579,437.778,16,4.9432,25.164,25.164,122.697,157.013,,160.938,288.1278,313.16,21.009,17.835
ARII,196.874,338.926,43.189,70.788,88.746,14.2,646.052,15,11.7965,21.208,21.208,103.51,44.5,250.18,126.086,721.9203,564.163,35.204,0.806
0507B,355.845,807.33,62.362,157.103,531.909,72.13,927.797,16,25038.2727,0.011,0.011,187.484,67.662,,198.742,,721.017,14.686,33.036
WCRX,295.805,3162.545,112.114,170.985,1834.313,-708.821,754.457,16,5.3011,251.048,250.558,66.376,74.287,,124.82,3462.7116,143.109,-153.51,173.475
ABB,17177,25142,2437,12376,18653,1628,24412,9,2.771,2187.756,2178.973,3880,7276,6038,4801,,16971,1390,304
MX,244.064,770.053,-119.488,121.449,937.22,-339.713,744.352,11,-5.3971,52.721,52.721,57.846,83.419,-167.167,122.615,,456.351,-229.31,57.223
SYT,5546,11852,1155,2968,6158,2474,8046,8,11.631,520.218,487.146,2381,2367,5666,2578,,3562,634,159