tic,sale,xrd
AAL,17337,0
CECE,316.011,0
PNW,3586.982,0
PRG,2484.595,0
ABT,34608,2420
AMD,9763,1983
APD,8856.3,83.9
ALK,3566,0
ATRI,147.591,5.645
MATX,2383.3,0
ALX,209.979,0
ALCO,92.507,0
Y,8943.519,0
HON,32637,1334
SWKS,3355.7,473.9
HES,4667,0
ABM,5987.6,0
PRI,2217.541,0
ECOL,933.854,0
AEP,14918.5,0
AXP,38185,0
AFL,22715,0
AIG,43358,0
ANAT,3792.399,0
AVD,458.704,8.757
AME,4540.029,158.9
AMGN,25424,4207
ADI,5603.056,1050.519
ANDE,8208.436,0
NBR,2134.043,33.564
APA,4212,0
APOG,1230.774,15.3
AAPL,274515,18752
AMAT,17202,2234
EPAC,493.292,7.3
TREC,208.626,0
ADM,64355,160
ARCB,2940.163,0
ARW,28673.363,0
ASH,2326,64
ATRO,502.587,86.8
REX,372.846,0
ADSK,3790.4,932.5
ADP,14589.8,674.1
AVY,6971.5,112.8
AVT,17634.333,0
AZZ,838.917,0
BRT,22.078,0
BMI,425.544,11.6
BCPC,703.644,10.332
PTVCB,470.191,0
BLL,11781,47
BPOP,2603.863,0
BOH,730.833,0
BK,16940,0
B,1124.391,16.949
BAX,11673,521
AIT,3245.652,0
BDX,17117,1096
BELFB,465.771,23.611
VZ,128292,0
BBY,47262,0
BIO,2513.654,226.598
BKH,1696.941,0
BA,58656,2476
RHI,5109,0
BRC,1081.299,40.662
BMY,42518,22581
CAL,2117.07,0
BC,4347.5,125.9
MTRN,1176.274,20.283
MTZ,6320.975,0
UIS,2025.3,26.6
RAMP,443.026,135.111
CI,160216,0
CNA,10687,0
CSX,10583,0
CTS,424.066,24.317
TLS,179.917,14.243
CBT,2614,57
CACI,5720.042,0
CAMP,308.587,25.811
CWT,794.307,0
CPB,8691,93
STZ,8614.9,0
CAH,152922,0
CSL,4245.2,54.8
CRS,2181.1,28
CASY,8707.189,0
CAT,41748,1415
CATO,575.111,0
CVCO,1108.051,0
LUMN,20712,0
MGLN,4577.531,0
CMD,1016.048,32.372
CHE,2079.583,0
JPM,129503,0
CPK,488.198,0
CVX,94471,435
EAT,3078.5,0
CHD,4895.8,102.6
CHDN,1054,0
CBB,1559.8,0
IHRT,2948.218,0
CLF,5354,0
CLX,6721,145
COKE,5007.357,0
KO,33014,0
CDE,785.461,0
COHR,1228.999,115.578
COHU,636.007,97.4
CL,16471,290
CCF,261.162,4.007
AON,11066,0
CMCSA,103564,0
CMA,3094,0
CBSH,1389.547,0
C,88842,0
CMC,5476.486,0
CAR,5402,0
DXC,17729,0
CMTL,616.715,52.18
SSTK,666.686,46.038
ED,12246,0
BH,433.683,0
CTO,56.381,0
CMS,6680,0
CLR,2586.47,0
CTB,2521.074,64.14
COO,2430.9,93.3
TAP,9684.3,0
GLW,11408,1000
CUZ,748.287,0
CBRL,2522.792,0
CR,2936.9,74.6
OMF,4933,0
CCK,11575,53
CFR,1485.731,0
CMI,19811,903
CW,2391.336,74.816
WEN,1733.825,0
DAN,7106,146
DHR,22284,1348
TGT,93561,0
DE,35540,1644
DAL,17095,0
DLX,1790.781,0
DTE,12177,0
ATGE,1052.001,0
DBD,3902.3,133.4
DDS,4433.185,0
DIOD,1229.215,94.288
DIS,65388,0
DG,33746.839,0
D,14172,0
DCI,2588.6,61.2
DOV,6683.76,142.101
DD,20397,860
OMC,13171.1,0
DCO,628.941,0
DUK,24020,0
DNB,1738.1,0
FLS,3728.134,36.1
DY,3199.165,0
PKI,3782.745,205.389
EML,240.403,3.131
EGP,363.124,0
ETN,17858,551
ECL,11790.2,185
EMR,16785,439
ATO,2821.137,0
EBF,357.973,0
ENZ,74.525,4.448
EFX,4127.5,0
EQT,3058.843,0
ESCA,273.649,1.5
NEU,2010.931,140.367
EXPD,10116.481,0
BOOM,229.161,7.91
IIIN,472.618,0
XOM,178574,1016
FMC,4642.1,287.9
NEE,17997,0
FARM,501.32,0
FRT,842.026,0
FSS,1130.8,12.2
M,18097,0
FOE,958.954,35.616
FITB,8391,0
RF,6630,0
TRMK,742.928,0
FCNCA,1960.776,0
MTB,6281.156,0
USB,25241,0
FHN,2857,0
FLO,4387.991,4
FLR,15668.477,0
F,127144,7100
FSTR,497.411,2.643
FELE,1247.331,21.7
BEN,5566.5,0
FUL,2790.269,36.969
GATX,1209.2,0
AJG,7003.6,0
TGNA,2937.78,0
GPS,13800,46
AJRD,2072.7,55.8
GD,37925,374
GE,79619,2565
ALLY,10721,0
GM,122485,6200
SPXC,1559.5,28.4
GCO,1786.53,0
GNTX,1688.189,115.935
GPC,16537.433,0
GTY,147.034,0
GLT,916.498,0
GT,12287,390
GRC,348.967,0
GRA,1729.8,65.9
GGG,1650.115,72.194
GHM,97.489,0
GWW,11797,0
GTN,2381,0
GEF,4515,0
HAL,14445,309
LHX,18194,684
HSC,1863.864,3.246
HAS,5465.443,259.522
AMOT,366.694,25.487
HVT,748.252,0
HE,2579.775,0
HWKN,596.871,0
HCSG,1760.303,0
WELL,4597.884,0
STRL,1427.412,0
HL,691.873,0
HEI,1787.009,65.559
KHC,26185,119
HELE,2098.799,30.6
HP,1773.927,21.645
HSY,8149.719,37.577
HPQ,56639,1478
HXL,1502.4,46.6
HRC,2881,136.5
HLT,4307,0
HFC,11183.643,0
HD,132110,0
HNI,1955.363,35.318
HRL,9608.462,31.9
CNP,7418,0
UBA,130.002,0
HUBB,4186,0
JBHT,9636.573,0
HBAN,5233,0
HURC,170.627,3.5
ITT,2477.8,84.9
RYN,859.154,0
IDA,1350.729,0
ITW,12574,214
TT,12454.7,165
RYI,3466.6,0
GFF,2407.522,15.4
INTC,77867,13556
INS,35.873,5.153
TILE,1103.262,18.6
IBM,73620,6333
IFF,5084.239,356.863
NAV,7503,321
IDCC,358.991,84.646
IP,20580,0
IPG,9061,0
IVC,850.689,12.275
J,13566.975,0
EME,8797.061,0
JNJ,82584,12340
JCI,22317,274
KLAC,5806.424,863.864
KMI,11700,0
KAMN,784.459,14.1
KSU,2632.6,0
EVRG,4913.4,0
K,13770,135
KELYA,4516,0
KMT,1885.305,38.7
KBAL,727.859,5
KMB,19140,276
KEX,2171.408,0
KR,132498,0
LYTS,305.558,3.6
SR,1855.4,0
LRCX,10044.736,1252.412
LANC,1334.388,0
LAWS,351.591,0
LEG,4280.2,0
LEN,22488.854,0
JEF,6955.93,0
LLY,24539.8,6746.1
LB,11847,0
LECO,2655.4,51.414
LNC,17242,0
LMT,65398,1300
L,13633,0
RRC,1967.046,0
LPX,2788,0
LOW,89597,0
LDL,764.041,10.3
MDC,3901.211,0
MDU,5532.75,0
MGEE,538.633,0
MTW,1443.4,30.6
MRO,3213,0
MCS,237.688,0
HST,1598,0
MMC,17224,0
MAS,7188,0
MAT,4583.66,189.494
MLP,7.54,0
MKC,5601.3,68.6
MCD,19207.8,0
MGRC,572.554,0
SPGI,7442,0
MCK,238228,74
GENC,77.42,3.061
MDT,30117,2524
CVS,268399,0
MRK,47994,13558
MDP,2848.6,0
MLAB,133.937,10.388
EVI,235.802,0
SIEB,54.872,0
MU,21435,2600
ETR,10113.636,0
MSEX,141.592,0
MSA,1348.223,58.268
MMM,32184,1878
ALE,1169.1,0
MOD,1808.4,0
MNR,178.262,0
QDEL,1661.668,84.292
MSI,7414,686
MUR,1954.37,0
MYE,510.369,0
VTRS,11946,592.5
BAC,93753,0
NCR,6207,234
NL,114.537,0
NSSC,101.359,7.257
NFG,1546.291,0
NHC,977.928,0
THC,17640,0
GPX,473.107,0
NPK,354.7,0
NATR,385.205,1.5
NJR,1953.668,0
NYT,1783.639,132.428
NWL,9385,144
NEM,11497,0
NR,492.625,0
NDSN,2121.1,63.591
JWN,10715,0
NSC,9789,0
NC,128.432,0
MOV,506.397,0
ES,8904.43,0
NI,4681.7,0
XEL,11526,0
NTRS,6301.1,0
NOC,36799,1100
TEX,3076.4,58.9
NWN,773.679,0
NWE,1198.67,0
WFC,80303,0
NUE,20139.658,0
OXY,17809,0
OII,1827.889,0
VTOL,1178.062,0
FE,10790,0
ODC,283.227,2.765
OGE,2122.3,0
OLN,5758,16.6
OLP,82.128,0
OKE,8542.242,0
OTTR,890.107,0
OSG,418.692,0
OMI,8480.177,0
OC,7055,82
OI,6103,75
OXM,762.857,0
PNC,18262,0
PPG,13841,379
PCAR,18728.5,273.9
PCG,18469,0
SRE,11370,0
PAR,213.786,19.252
PKE,46.276,0
PKOH,1295.2,0
PH,13695.52,293.837
PATK,2486.597,0
GDP,93.826,0
AFG,7811,0
PVAC,273.25,0
PPL,7607,0
PNR,3017.8,75.7
PEP,70372,719
TPC,5318.763,0
PDCE,1339.226,0
PFE,41908,10305
EXC,33039,0
WTRG,1485.702,0
MO,20841,131
COP,18784,75
PVH,7132.6,0
AGYS,137.176,55.345
PIPR,1252.658,0
PBI,3554.075,38.384
POLY,1727.607,209.29
PCH,1040.93,0
POWL,518.499,6.265
PG,70950,1834
PNM,1523.012,0
PEG,9603,0
PHM,11036.082,0
PCYO,32.131,0
AGX,392.206,0
KWR,1417.677,40
NXGN,556.821,75.501
RJF,8168,0
RES,598.302,0
USLM,160.704,0
RAVN,348.359,43.094
RBC,2907,34.7
RGS,669.729,0
AN,20390,0
RAD,24043.24,0
RGCO,63.075,0
ROK,6329.8,371.5
ROG,802.583,29.32
ROL,2161.22,0
ROST,12531.565,0
RGLD,498.819,0
R,8420.091,0
SEIC,1684.058,151.337
SJW,564.526,0
SFE,0,0
SLB,23601,580
SEB,7126,134
APPS,313.579,20.119
SEE,4903.2,95.9
IIN,103.973,5.248
SMTC,595.117,117.529
SCI,3511.509,0
SHEN,220.775,0
SHW,18361.7,97.1
AOS,2895.3,80.7
SJM,8002.7,0
SNA,3942.2,57.4
KEY,7337,0
SON,5237.443,22
SJI,1541.383,0
EIX,13578,0
AWR,488.243,0
SO,20375,0
LUV,9048,0
SWX,3298.873,0
T,171760,1210
SWN,2308,0
SHYF,675.973,4.361
STAA,163.46,31.918
SMP,1128.588,0
SXI,604.535,6.9
SWK,14534.6,211
STT,12078,0
SCL,1869.75,35.999
STC,2284.932,0
PSA,3017.888,0
SYK,14351,984
NAVI,3990,0
RGR,569.682,8
SGC,526.697,0
SYY,52893.31,0
TISI,852.539,0
TRC,37.83,0
ATI,2982.1,14.1
TFX,2537.156,119.747
TDS,5225,0
TNC,1001,30.1
TEN,15379,273
TER,3121.469,374.964
TXN,14461,1530
TXT,11651,549
TMO,32218,1181
THO,8167.933,0
TDW,397.038,0
SIX,356.575,0
TKR,3513.2,42.2
TR,471.063,0
GL,4738.555,0
TTC,3379.89,124.1
TRNS,173.335,0
TRN,1999.4,0
TYL,1116.663,88.363
TSN,43185,98
UAL,15355,0
UGI,6559,0
UFI,606.509,11.257
UNF,1804.159,0
AEE,5794,0
UNP,19533,0
UDR,1266.283,0
UNH,257141,0
UMBF,1368.655,0
UMH,158.854,0
UPS,84628,0
RTX,56587,2582
SGMS,2724,166
UTL,418.6,0
SXT,1332.001,38.5
UVV,1983.357,0
UHS,11145.897,0
UTMD,42.198,0.486
VFC,9238.83,0
VSEC,661.659,0
VMI,2895.355,21.4
VECO,454.163,78.994
VLGEA,1804.594,0
VSH,2501.898,70.861
VNO,980.382,0
VMC,4856.826,0
WDFC,408.498,6
WMT,556933,0
WBA,139537,0
GHC,2883.421,0
WRE,294.118,0
AVA,1321.891,0
WSO,5054.928,0
WRI,515.666,0
WMK,4112.601,0
WST,2146.9,46.9
WDC,16736,2261
WEYS,195.375,0
WY,7532,5
WHR,19456,455
WMB,7719,0
WSM,6783.189,0
WGO,2355.533,0
WEC,7241.7,0
LNT,3416,0
WWW,1791.1,0
WWD,2495.665,133.134
FL,7548,0
XRX,7022,257
YORW,53.852,0
SPB,3964.2,41.8
TJX,32136.962,0
ZION,2942,0
OSK,6856.8,103.9
WTM,678.4,0
QLYS,362.963,72.548
ALEX,314.1,0
SF,3817.839,0
OVV,6087,0
LCII,2796.166,13
JKHY,1697.067,109.988
ASB,1419.447,0
NMIH,433.283,0
TFC,24433,0
VLY,1566.751,0
FMBI,791.971,0
NGVC,1036.842,0
RBB,153.16,0
LAND,58.899,0
BIG,6199.186,0
MS,52047,0
TROW,6206.7,0
NNN,691.571,0
MSFT,143015,19269
COTY,4717.8,93.4
RGEN,366.26,20.182
ASTE,1024.4,22.1
WERN,2372.178,0
AMWD,1744.014,0
HOG,4054.377,202.4
SKYW,2127.106,0
TOL,7223.129,0
POR,2145,0
VIVO,253.667,23.729
IT,4099.403,0
WTS,1508.6,42.2
NVR,7566.04,0
INT,20358.3,0
CLFD,93.075,1.27
ATUS,9894.642,0
ADBE,12868,2188
JOE,160.555,0
DJCO,49.942,0
EHC,4644.4,0
CNO,3821.1,0
MHO,3046.345,0
MRTN,874.374,0
FISV,14852,0
KBH,4183.174,0
CVM,0.559,17.84
ABEO,10,30.139
APYX,27.711,3.92
UNM,13162.8,0
PPC,12091.901,5.4
CLGX,1642.375,0
JJSF,1022.038,0.68
HTLD,645.262,0
CERN,5505.788,501.694
ICAD,29.698,8.114
MKL,9739.496,0
OSUR,171.721,31.032
FRPH,23.583,0
PLXS,3390.394,0
CDZI,0.541,0
IMKTA,4610.609,0
SNV,2308.608,0
RDNT,1071.84,0
JACK,1021.506,0
PEAK,1578.276,0
CMO,186.594,0
PLAB,609.691,17.144
SAFM,3564.267,0
PGR,42638.1,0
RLI,983.626,0
VOXX,563.605,7.94
CDNS,2682.891,1033.732
BRY,523.833,0
OPY,1198.667,0
EBIX,625.609,35.267
CCL,5595,0
DRE,1006.863,0
MBI,256,0
BDN,518.207,0
MIDD,2513.257,35.3
EQC,87.506,0
UHT,79.716,0
ABMD,847.522,121.875
CNMD,862.459,40.473
XRAY,3342,115
VIAC,25285,0
ZTS,6687,463
HRTX,88.638,174.533
FICO,1294.562,166.499
COOP,2733,0
JOUT,594.209,24.621
VGR,1541.137,0
SCHW,12109,0
CLH,3144.097,0
AIN,900.61,25.75
CYBE,70.117,9.572
MITK,101.31,22.859
FULT,972.266,0
BXS,1135.997,0
FAST,5647.3,0
WABC,211.493,0
MXIM,2191.395,440.166
HLF,5541.8,0
FRC,4506.906,0
APH,8598.9,260.7
IPAR,539.009,0
PII,7025,295.6
ICPT,312.69,191.485
PXD,7024,0
USM,4037,0
MAN,18001,0
ITIC,236.408,0
DX,403.495,0
MGM,5162.082,0
WM,15218,0
DELL,94224,5275
SSP,1857.478,0
SAMG,107.983,0
IIVI,2380.071,339.073
FCX,14198,0
ODP,9710,0
MTH,4501.217,0
ARCH,1467.592,0
WRB,8044.672,0
CINF,7536,0
ORI,7165.9,0
MGPI,395.521,0
DDD,557.24,74.143
DVN,4828,0
LNN,474.692,13.95
LH,13995.5,0
WDAY,4317.996,1721.222
MFA,197.23,0
RPT,193.516,0
STAR,560.575,0
AGM,519.837,0
SRCE,366.92,0
VLO,60115,0
TRS,769.97,0
IEX,2351.646,48.2
MLI,2398.043,0
TCF,2267.008,0
ARGO,1871.5,0
TECH,738.691,65.192
BRO,2613.375,0
AMBA,222.99,140.759
TG,755.29,8.398
SIG,5226.9,0
PRTK,46.924,23.922
NLOK,2556,267
SPWH,1451.767,0
ABBV,45784,7755
APAM,899.567,0
CONE,1033.5,0
GMRE,93.73,0
CGNX,811.02,130.982
PBCT,2231.8,0
ENTA,122.473,136.756
VOYA,7649,0
CRUS,1369.23,342.759
HNGR,1001.15,0
LEA,17045.5,557
EOG,11017.977,0
BCC,5474.838,0
ZIXI,218.478,22.813
SFBS,419.138,0
LSCC,408.12,89.223
TMHC,6129.32,0
AROW,144.554,0
NBN,96.868,0
BMTC,249.652,0
CPF,257.616,0
DGII,279.271,43.765
DGICA,777.819,0
EA,5629,1778
HMHC,1031.292,0
PRTA,0.853,74.884
CNBKA,168.136,0
CIA,238.856,0
FBNC,319.03,0
CHCO,243.102,0
CBU,617.276,0
FBP,804.114,0
GBCI,797.531,0
FRME,558.434,0
TVTX,198.321,228.904
INDB,511.432,0
IBCP,220.574,0
HIFS,115.336,0
OFG,590.426,0
PEBK,70.872,0
LSXMK,8040,0
XONE,59.253,8.845
MCY,3923.011,0
NWLI,690.542,0
ONB,902.582,0
IMGN,132.299,114.592
PEBO,220.776,0
SIGI,2895.352,0
SIVB,4081.758,0
IHC,442.841,0
WSFS,715.43,0
WAFD,690.46,0
WBS,1287.326,0
WSBC,669.462,0
ACNB,105.224,0
SBCF,348.605,0
FFBC,714.086,0
BLFS,48.087,6.72
TALO,587.486,0
TMP,328.19,0
TRST,195.458,0
UBSI,1149.179,0
UFCS,1068.627,0
NVEE,659.296,0
PFSI,3977.148,0
ARTNA,88.141,0
AMNB,112.683,0
IBTX,696.569,0
CMRX,5.372,36.232
CCNE,195.226,0
MODN,161.056,34.361
RBNC,151.83,0
AHH,403.475,0
AMH,1182.836,0
ADMA,42.22,5.907
HMTV,151.184,0
TSC,274.3,0
CVLY,91.605,0
CNOB,322.6,0
HASI,234.87,0
EPZM,15.762,110.933
ECOM,145.072,18.99
TMUS,68397,0
NCBS,211.828,0
CHMG,88.031,0
NRZ,702.802,0
IQV,11359,0
SFM,6468.759,0
FI,390.358,0
BLUE,250.734,587.956
CCS,3161.192,0
NSTG,117.316,62.857
COMM,8435.9,703.3
CZNC,101.673,0
FRBK,151.185,0
NWSA,9008,0
NDLS,393.655,0
FNB,1436.655,0
REXR,330.135,0
CHMI,-42.906,0
DOC,436.248,0
AGIO,203.196,367.47
ESPR,227.547,146.936
FDBC,64.164,0
ANIP,208.475,16.001
FCF,395.685,0
FVCB,69.994,0
THFF,202.961,0
ASC,220.058,0
CWEN,1199,0
SC,8108.462,0
FLIC,145.302,0
USFD,22885,0
PGEN,103.178,41.644
FOXF,890.554,34.292
BUSE,444.863,0
BRX,1057.947,0
FRAF,60.183,0
ALRS,245.473,0
SPNT,881.792,0
AR,3491.699,0
FEYE,940.584,252.771
IRT,211.698,0
MUSA,9504.3,0
XLRN,92.523,173.917
HBNC,269.235,0
CHGG,644.338,170.905
BNFT,268.141,46.175
FATE,31.434,125.623
AAOI,234.623,43.393
ISEE,0,62.784
QTS,537.326,0
RMAX,266.001,0
PINC,1299.592,2.376
GLOB,814.139,0
LGIH,2367.929,0
RNG,1183.657,189.484
MGNX,104.883,193.201
BURL,5763.98,0
SAIC,7056,6
VEEV,1465.069,294.22
PTC,1458.415,256.575
LKFN,239.946,0
ESNT,955.154,0
AERI,83.138,74.007
GLPI,1153.734,0
TCS,990.088,0
TWTR,3716.349,873.011
EXPI,1798.285,0
GLYC,10.163,44.929
AMRX,1992.523,182.61
TNDM,498.83,63.574
KPTI,105.893,150.813
XNCR,122.694,169.802
VCYT,117.483,17.204
MMI,716.906,0
REPH,66.499,0
VRNS,292.689,99.363
CWH,5446.591,0
NBTB,494.558,0
OVBC,55.611,0
KIN,3.464,31.281
RARE,271.03,412.084
OSBC,141.645,0
CARA,135.082,107.851
PWOD,74.806,0
STAY,1042.316,0
TACO,491.883,0
CTBI,231.001,0
INGN,308.487,14.08
BRG,231.242,0
PLPC,466.449,2.8
PRK,483.384,0
SFNC,999.508,0
MBUU,653.163,0
DENN,295.905,0
GIII,2055.146,0
ITCI,22.813,65.782
GSBC,252.753,0
LADR,398.216,0
DRNA,164.307,91.201
RVNC,15.325,125.795
OUT,1236.3,0
FLXN,85.552,54.326
IBP,1653.225,0
OGS,1530.268,0
KN,764.3,92.9
FPI,50.578,0
CNCE,7.902,61.624
STBA,380.183,0
GCI,3405.67,0
LE,1427.448,0
CTRE,178.332,0
CBAY,0,35.882
HEAR,360.093,12.265
LC,573.452,139.05
SABR,1334.1,0
AUB,783.54,0
NLTX,0,24.344
PCTY,546.212,62.766
QUOT,445.887,40.316
MGNI,221.628,51.546
EGRX,187.802,30.785
CPLG,411,0
FCBP,100.222,0
UVSP,282.273,0
ATEN,225.527,58.063
CIO,160.84,0
VRTV,6345.6,0
AKBA,295.307,218.485
WASH,269.378,0
QTWO,402.751,97.381
TWOU,774.533,155.949
GRUB,1819.982,122.949
FIVN,434.908,68.747
MC,943.276,0
CMCT,77.208,0
MEDP,925.925,0
AGRX,0.749,13.5
TMST,830.7,1.8
CVBF,475.762,0
BGSF,277.891,0
BOX,770.77,201.262
TMX,1961,0
CCBG,217.362,0
PAHC,800.354,13.738
PAYC,841.434,90.244
WMS,1982.78,0
SMG,4131.6,39.7
NERV,41.176,22.04
CTLT,3094.3,2.6
ZEN,1029.564,255.4
KEYS,4221,715
TBPH,71.857,260.953
DNOW,1619,0
LOB,374.408,0
PRMW,1953.5,0
ARES,1764.046,0
OEC,1136.383,20.201
HRTG,592.285,0
SLM,2292.234,0
RYAM,1738.899,7
TRUE,278.678,44.93
COG,1466.624,0
MRNS,1.718,51.106
NG,0,0
DMTK,5.885,5.293
ISTR,105.89,0
GPRO,891.925,131.589
ARDX,7.571,65.053
SNDX,1.517,50.435
AMPH,349.846,67.229
VEC,1395.529,0
FFWM,298.538,0
SYF,16472,0
KE,1200.55,17
DOOR,2257.075,17
LTRPA,604,0
RLMD,0,35.973
SPKE,554.89,0
ANET,2317.512,486.594
CSCO,49301,6347
BXMT,779.648,0
HQY,733.57,124.809
HOLX,3776.4,222.5
TRUP,502.028,9.947
SAGE,1114.2,292.714
PLYM,109.832,0
CNNE,585.7,0
LNTH,339.41,32.788
XENT,80.554,19.35
ATRA,0,244.65
OCUL,17.403,28.694
BSIG,718.5,0
ADVM,0,73.309
VKTX,0,31.931
AKTS,1.79,20.523
AXDX,11.165,21.255
LOCO,426.087,0
NBEV,279.471,0
LBRDK,50.706,0
VICR,296.576,50.916
AVNS,714.8,34.9
GVA,3562.459,0
LSTR,4136.38,0
KMPR,5111.4,0
UNVR,8265,0
VYNE,20.993,93.333
W,14145.156,0
AAON,514.551,17.4
CIVB,128.047,0
RYTM,0,90.45
PGRE,697.944,0
GWB,500.689,0
CALA,0,71.015
STOR,697.768,0
VBTX,369.194,0
AFMD,34.185,60.256
PRAH,3183.365,0
NVEC,21.366,3.185
CDK,1960.1,72.9
MMSI,963.875,57.787
FRPT,318.79,0.8
CZR,3474,0
TBK,363.842,0
BSGM,0,18.136
CFG,7676,0
CHRS,462.524,142.759
HUBS,883.026,205.589
BOOT,893.491,0
FGEN,176.319,252.924
NVRO,362.048,45.6
WK,351.594,94.844
SNR,336.281,0
CRBP,3.937,98.267
SIEN,71.241,10.311
SYNH,4415.777,0
UPLD,291.778,39.002
GRBK,976.021,0
MCF,112.92,0
JYNT,58.683,0
IBOC,577.587,0
AXTA,3737.6,55.2
FND,2425.788,0
NEWR,667.648,174.851
TBI,1846.36,0
HCA,51533,0
XLNX,3147.599,904.639
GNSS,43.01,4.554
CURO,847.396,0
PARR,3124.87,0
UE,343.07,0
PIRS,29.323,46.531
SUM,2332.451,0
LCI,545.744,29.978
VSTO,2225.522,22.538
ESTE,144.523,0
SHAK,522.867,0
DEA,245.078,0
INOV,667.524,33.503
SYBT,199.77,0
CC,4969,93
TRMB,3147.7,475.9
VERU,42.592,31.035
AJX,102.188,0
NVTA,279.598,240.605
FNWB,67.528,0
XHR,369.776,0
EXPO,399.9,0
GDDY,3316.7,560.4
UNIT,1067.139,0
ENR,2744.8,35.4
BHE,2053.131,0
NXRT,204.8,0
FRTA,1594.506,0
VRAY,57.017,25.008
SEDG,1459.271,163.123
NSA,432.487,0
BLBD,879.221,6.4
MTRX,1100.938,0
ESE,732.915,13.3
CABO,1325.229,0
ETSY,1725.625,180.08
BLD,2718.038,0
PJT,1034.523,0
LITE,1678.6,198.6
ETH,589.837,0
XBIT,43.997,9.527
BPMC,793.735,326.86
VIRT,3180.679,0
NRIM,140.044,0
OPRX,43.313,0
CVA,1904,0
CATY,743.394,0
CDAY,842.5,39.6
COLL,310.016,9.772
CHCT,75.85,0
HAYN,380.53,3.713
ALTA,133.171,0
PAVM,0,10.963
CYH,11789,0
DORM,1092.748,20.7
VWTR,9.612,0
PSB,416.857,0
AZO,12631.967,0
REGN,8497.1,2735
EVH,1022.433,15.1
WING,248.811,0
EXTN,613.061,0
APLE,601.879,0
X,9741,0
GKOS,224.959,85.392
GNL,330.104,0
HAE,870.463,32.857
IONS,729.264,485.277
APPF,310.056,48.529
OLLI,1808.821,0
LCUT,769.169,0
ALRM,618.003,152.147
FCFS,1631.284,0
DBI,2234.719,0
NTRA,391.005,100.035
MCRB,33.215,90.57
IDXX,2706.655,141.249
AES,9660,0
CRVL,552.644,0
HWC,1382.409,0
STFC,1482.4,0
TDOC,1093.962,164.941
AMBC,157,0
DIN,689.268,0
KALU,1172.7,9.1
ALKS,1038.756,394.588
MNST,4613.838,0
SRG,115.177,0
VRTX,6205.683,1829.537
MNRO,1125.721,0
LIND,82.356,0
PRGS,442.15,88.599
MTG,1199.146,0
TVTY,437.714,0
ZBRA,4455,453
EZPW,822.811,0
PRA,886.861,0
BOKF,2112.949,0
SPNE,154.345,16.258
BIIB,13444.6,4085.2
MSGS,603.319,0
RPD,411.486,108.568
OOMA,168.947,36.079
CHMA,1.106,26.802
NHI,329.685,0
DSKE,1454.1,0
AGLE,0,59.638
CSWI,419.205,4.5
FLOW,1350.6,21.8
PYPL,21454,1400
ODFL,4015.129,0
RHP,525.328,0
TRU,2716.6,0
HMN,1299.778,0
ATNI,455.444,0
WNC,1481.889,21.9
LILAK,3764.6,0
WRLD,524.471,0
KIM,1133.874,0
WETF,253.699,0
JBSS,880.092,0.999
PRGO,5085.8,177.7
TTEK,2994.891,0
QCOM,21731,5975
OFC,619.764,0
SPOK,148.18,15.828
GILD,24689,10895
PLNT,406.618,0
MSON,62.484,4.916
RUN,922.191,19.548
MCFT,363.073,5.2
ROP,5527.1,446.1
SNPS,3685.281,1279.022
ELY,1589.46,46.3
LFVN,232.915,0.9
VRTS,603.896,0
ICUI,1273.049,42.948
MHK,9552.197,0
LIN,27243,152
CNR,4617.369,13.7
ASUR,65.507,5.959
RNST,733.664,0
AGCO,9149.7,342.6
CASS,148.128,0
HLI,1525.452,0
BKE,901.278,0
OLED,428.867,83.894
BSX,9913,1362
KSS,15955,0
VBIV,1.061,14.859
STE,3107.519,66.326
USPH,422.969,0
PVBC,63.946,0
FC,198.456,0
BBBY,9233.028,0
CACC,1669.3,0
DHI,20336.1,0
GBT,123.803,155.122
COLB,622.309,0
GPK,6559.9,10.2
TWNK,1016.609,0
FCEL,70.871,4.797
SBUX,23518,0
STRS,61.015,0
NKSH,51.952,0
CENTA,2695.509,0
WIRE,1276.948,0
KW,450.9,0
OHI,897.567,0
ACI,69690.4,0
LTC,182.983,0
CAKE,1983.225,0
LFUS,1445.695,52.538
ASGN,3950.6,0
BLX,187.68,0
PSTG,1684.179,480.467
MTX,1594.8,19.9
SITE,2704.5,0
RDN,1438.617,0
SGRY,1860.1,0
KAI,635.028,11.298
LGND,186.419,59.392
GTLS,1177.1,9.1
SM,1126.582,0
UVE,1072.77,0
MTCH,2391.269,169.811
FCBC,143.869,0
KURA,0,60.397
CTMX,100.362,112.936
NVCR,494.366,132.01
HOME,1737.063,0
RGNX,154.567,166.294
PEN,566.241,90.049
HPE,26982,1874
ANAB,75,80.025
BRP,240.919,0
SMBK,133.039,0
ABTX,249.918,0
LAUR,1024.917,0
DLTH,638.783,0
WVE,20.077,130.944
VYGR,171.128,108.753
EQBK,179.439,0
AXSM,0,70.245
APLS,250.646,299.921
RRR,1182.445,0
SQ,9497.578,881.826
MIME,501.399,97.498
FCPT,171.114,0
AC,18.983,0
CLPR,123.688,0
TEAM,1614.173,763.188
WBT,1153.4,36.1
RMR,589.505,0
FTV,4634.4,320.7
AGR,6320,0
OCX,1.216,9.8
SCWX,561.034,105.008
NTNX,1307.682,553.978
HRI,1781.3,0
TRHC,297.219,18.18
GCP,903.2,17.9
TCMD,187.13,5.264
EDIT,90.732,157.996
RETA,9.019,159.08
ATKR,1765.421,0
EIGR,0,41.59
MCBS,104.82,0
NGVT,1216.1,0
NTLA,57.994,150.408
BATRK,178,0
FWONK,1145,0
BFST,171.319,0
BALY,372.792,0
PLSE,0,26.444
ADNT,12670,147
BPRN,66.482,0
SELB,16.597,54.505
TWLO,1761.776,530.548
VVV,2353,13
JELD,4235.677,0
PI,138.923,48.59
SYRS,15.093,76.065
HGV,921,0
PK,832,0
KDMN,8.288,65.392
KIDS,71.078,5.273
TPIC,1670.137,1
GOLF,1612.169,48.942
SMPL,816.641,4
HONE,287.704,0
AA,9286,27
KNSL,459.886,0
YETI,1091.721,11.2
FHB,780.139,0
PTGX,28.628,74.506
INSW,417.248,0
MDGL,0,184.809
ATOM,0.062,8.424
NLS,552.56,15.812
RCKY,277.309,0
SITC,473.737,0
SGA,95.813,0
CREE,903.9,184.2
DFIN,894.5,0
LIVN,934.241,152.902
CRY,253.227,24.207
UEIC,614.68,31.45
FBK,616.499,0
EVBG,271.141,62.512
ELS,1097.847,0
TTD,836.033,0
ELF,318.11,0
HUM,76546,0
AVID,360.466,57.018
INTU,7649,1392
SCVL,976.765,0
CSTR,135.1,0
ALG,1163.466,12.4
MCHP,5438.4,836.4
BOMN,45.743,0
CHS,1324.051,0
FLGT,421.712,11.58
BANF,464.336,0
CB,36477,0
ASIX,1157.917,11.8
DZSI,300.64,37.459
COUP,541.643,133.842
FOSL,1613.343,25.9
BPYU,1305.306,0
SANM,6960.37,22.564
TCBK,322.378,0
ATR,2929.34,92.5
ORLY,11604.493,0
RCL,2208.805,0
HWM,5259,17
AVNT,3242.1,59.8
JBL,27266.438,44.143
ANIK,130.457,23.431
RGA,14596,0
GABC,228.843,0
CDW,18467.5,0
HR,499.725,0
AKR,263.226,0
RIG,3152,0
SKT,392.042,0
ALL,44791,0
IRTC,265.166,41.329
GTYH,48.128,12.158
OFIX,406.562,39.056
SPNS,382.903,41.358
PZZA,1813.234,0
THRM,913.098,68.04
BBSI,880.824,0
BL,351.737,56.464
YUMC,8263,3
GRWG,193.365,0
BCO,3690.9,0
PFC,318.63,0
CPT,1074.712,0
IIPR,120.32,0
MCRI,184.413,0
CNDT,4163,1
EQR,2574.356,0
BWA,10165,476
SPTN,9348.485,0
BFS,225.347,0
WINA,66.062,0
PFGC,25086.3,0
ARWR,87.992,128.875
CASH,513.36,0
KDP,11618,69
MAR,10635,0
BDC,1862.716,107.296
QCRH,312.171,0
VREX,738.3,81.7
BYD,2178.49,0
DECK,2545.641,28.626
ALBO,8.308,76.777
COST,166761,0
LXP,330.279,0
REG,1051.944,0
FFIN,504.063,0
PTEN,1124.249,0
INCY,2666.702,2215.942
ROCK,1032.578,0
ITRI,2173.35,194.101
URBN,3449.749,0
CNTY,304.268,0
CARS,547.503,0
UFPI,5153.998,0
ICHR,914.236,13.361
FWRD,1269.573,0
BYSI,0.18,41.793
BPFH,367.589,0
SCHN,1712.343,0
VIAV,1136.3,193.6
NYCB,1769.073,0
SUI,1400.087,0
CASA,393.246,84.37
SHOO,1201.814,0
SPG,4822.173,0
EMN,8473,226
UFPT,179.373,8.2
LNG,9358,0
PCSB,64.979,0
MED,934.842,2.8
NEX,1202.581,4.8
NODK,306.357,0
HAIN,2053.903,11.653
MAA,1688.706,0
WTTR,605.105,0
JNCE,62.339,78.69
DAKT,482.033,26.846
DSPG,114.48,35.511
MLM,4729.9,0
TSCO,10620.352,0
ALB,3128.909,59.214
BZH,2127.077,0
IVZ,6145.6,0
WRK,17578.8,0
BCRX,17.812,122.964
FMNB,149.482,0
MAC,758.988,0
ZEUS,1234.144,0
AVB,2307.298,0
NNBR,427.534,0
CPRT,2205.583,0
SCSC,3047.734,0
LMNR,164.559,0
PLD,4737.149,0
FMBH,203.661,0
INVH,1823.427,0
EXP,1622.642,0
SMBC,122.074,0
AEO,3759.113,0
ADC,248.568,0
HLNE,341.635,0
IR,4910.2,71
NKTR,152.915,408.678
PUMP,789.232,0
ABCB,1172.055,0
TELL,37.434,0
PENN,3578.7,0
SSD,1267.945,10.1
LJPC,33.419,23.01
LBRT,965.787,0
ESS,1603.259,0
HIW,742.872,0
IMAX,137.003,5.618
FR,446.828,0
HCC,782.738,0
FDP,4201.8,0
GBX,2792.189,5.8
MATW,1498.306,22.289
AIV,179.945,0
GEO,2350.098,0
SOI,102.976,0
MLR,651.286,4.718
ARD,6731,0
ADTN,506.51,113.287
AMED,2071.519,0
YEXT,354.661,58.146
CLI,309.773,0
DAR,3571.923,0
AYX,495.308,101.117
SIRI,8040,220
RS,8811.9,0
OKTA,835.424,222.826
O,1651.625,0
KNX,4673.863,0
AZPN,598.717,92.23
CVLG,838.561,0
NWBI,566.333,0
CADE,849.273,0
COF,31607,0
EEX,127.4,0
CVNA,5586.565,0
CLDR,869.258,244.507
URGN,11.799,47.31
VERI,57.708,14.379
BHVN,63.627,228.998
AM,900.719,0
OVID,12.617,63.417
SVRA,0.257,35.038
APPN,304.573,70.241
KREF,270.469,0
MGY,534.506,0
GNTY,126.079,0
GTHX,45.285,73.271
FOCS,1361.319,0
NESR,834.146,0
HAFC,266.97,0
AGS,167.007,26.786
ATNX,144.391,75.904
NSIT,8340.579,0
SSTI,45.734,5.614
RCII,2814.191,0
WOW,1148.4,0
BRKS,897.273,59.063
SGH,1122.377,52.056
SNEX,54139.6,0
CODX,74.553,3.185
ACIW,1294.322,139.293
BY,300.721,0
DLTR,25509.3,0
ESQ,53.277,0
NATI,1286.671,280.381
MRSN,0.828,67.036
ABC,189893.926,0
ATLO,73.561,0
CBZ,963.897,0
BMRC,108.188,0
BHF,8503,0
HLIT,378.831,82.494
RMD,2957.013,201.946
BHB,169.092,0
AFIN,311.824,0
SAFE,158.731,0
TRTX,284.209,0
GPMT,221.917,0
KALA,6.362,18.352
RDFN,886.093,84.297
BKR,20705,595
JBGS,581.762,0
CLXT,23.851,11.082
PETQ,780.051,2.3
PDLB,62.409,0
MTEM,18.845,92.965
PQG,1107.363,11.597
MBIO,0,47.301
KRYS,0,17.936
HBB,603.713,10
CEIX,938.418,0
ROKU,1778.388,355.784
DCPH,42.087,198.97
OPTN,49.117,23.378
SWCH,511.547,0
MCB,160.1,0
SPRO,9.33,67.003
MDB,590.38,205.161
FNKO,652.537,5.1
ALTR,472.347,126.081
CARG,551.451,85.726
PACK,298.2,2.3
BAND,343.113,42.059
EYE,1711.76,0
VICI,1232.369,0
CBTX,153.474,0
OSW,120.925,0
AQUA,1429.456,13.198
MBIN,410.263,0
SAIL,365.254,71.191
CUE,3.154,33.546
SFIX,1711.733,0
SBT,155.699,0
ARCT,9.539,57.846
NMRK,1904.998,0
ILPT,255.217,0
LBC,243.91,0
EQH,12415,0
WSC,1367.645,0
DNLI,335.659,212.615
QTRX,86.377,20.174
ODT,0,117.041
AMEH,687.18,0
AVYA,2873,207
ELOX,0,14.59
VMD,131.309,1.083
GTES,2793,67.2
SLDB,0,64.881
RCKT,0,106.382
EOLS,56.54,1.722
ADT,5314.787,0
CDLX,186.892,17.532
WHD,348.566,0
BTAI,0,57.995
EVFM,0.446,17.05
COLD,1988.639,0
ZS,431.269,97.879
CLBK,326.981,0
CLNC,291.012,0
PRPL,648.471,5.955
VXRT,4.046,19.863
BWB,120.665,0
RCUS,77.517,159.348
DBX,1913.9,727.5
SPOT,9498.442,1008.908
RFL,4.91,2.391
ZUO,305.42,76.795
FIXX,2.702,100.392
WH,1300,0
LEVL,112.353,0
SMAR,385.513,118.722
DOCU,1453.047,271.522
STXB,142.421,0
UBX,0,67.309
CHX,1899.996,31.2
LASR,222.789,41.164
GSHD,116.201,0
ROAD,785.679,0
LOVE,320.738,0
INSP,115.381,26.092
EVLO,0,69.616
SRRK,15.403,74.062
KNSA,0,112.042
OBNK,293.354,0
MGTA,0,50.615
GSKY,508.6,0
EVOP,439.101,0
MGTX,15.563,33.91
VRCA,0,15.673
USX,1742.101,0
TCDA,0,148.417
TBIO,138.811,109.629
DOMO,210.18,66.474
AVLR,500.569,119.71
AMAL,231.099,0
KZR,0,30.981
BV,2346,0
IIIV,150.134,0
SKY,1420.881,0
AVRO,0,87.236
XERS,20.435,20.921
BE,794.247,83.577
EPRT,164.494,0
RPAY,155.036,0
EVER,346.935,29.662
RVI,172.408,0
BJ,15430.017,0
REPL,0,56.754
RUBY,0,116.107
ALLK,0,105.533
CRNX,0.071,57.598
CNST,0,95.501
IAA,1384.9,0
PRVB,0,66.36
TENB,440.221,101.687
ARLO,357.154,60.137
SONO,1326.328,214.672
CWK,7843.7,0
LQDA,0.74,32.222
IMXI,310.446,0
FTDR,1474,0
ELAN,3273.3,337.3
MESA,545.07,0
AMTB,332.368,0
HFFG,566.83,0
FLMN,38.881,0
LTHM,288.2,3.7
REZI,5071,77
STRO,42.722,76.961
EB,131.006,54.551
ARVN,21.802,108.356
GRTS,4.037,88.643
UPWK,373.628,83.471
GH,286.73,149.862
KOD,0,107.389
YMAB,20.75,93.697
SVMK,373.51,112.989
ALLO,0,192.987
SIBN,73.387,9.459
NGM,87.368,163.972
PLAN,447.755,100.523
TWST,90.1,43.006
ESTC,608.489,199.203
VRRM,393.593,0
STNE,631.425,0
VAPO,125.733,16.956
AMK,431.18,0
ETRN,1510.825,0
AXNX,111.535,29.17
MRNA,803.395,1370.339
WTRH,204.328,4.262
DOW,38542,768
SI,97.842,0
BYND,406.785,31.535
ORGO,338.298,20.086
GOSS,0,184.234
HARP,17.444,52.565
TCRR,0,51.98
PSTX,0,103.52
ALEC,21.098,156.869
FOXA,12303,0
CYCN,2.296,56.414
WTRE,676.378,0
CVET,4339,0
SWAV,67.789,36.926
LYFT,2364.681,909.126
SILK,75.227,21.271
DTIL,24.285,98.061
TW,892.659,0
XFOR,3,41.932
RMBI,49.667,0
TH,225.148,0
PLMR,168.463,0
CHNG,3090.421,227.036
PD,213.556,64.566
DSSI,595.91,0
MNRL,91.723,0
ZM,2651.368,164.08
TPTX,25,113.411
PINS,1692.658,606.194
KTB,2097.839,0
TMDX,25.639,18.831
AVTR,6393.6,0
UBER,11166,2205
RRBI,100.545,0
NXTC,22.378,46.554
APLT,0,61.788
SPFI,239.834,0
CRTX,0,61.307
FSLY,290.874,74.814
WORK,902.61,382.145
IDYA,19.538,39.698
PSN,3918.946,0
CTVA,14217,1142
CRWD,874.438,214.67
PSNL,78.648,28.568
STOK,0,32.197
BBIO,8.249,337.047
AKRO,0,64.916
BCEL,0,62.045
ADPT,98.382,116.072
MORF,44.945,73.63
REAL,302.196,0
KRTX,0,43.408
INBX,12.888,73.495
CMBM,278.459,43.188
MDLA,477.221,117.8
FULC,8.823,59.042
PHR,148.677,22.622
HCAT,188.845,53.517
NOVA,160.82,0
CSTL,62.649,13.256
PROS,816.107,0
RAPT,5.042,45.485
DT,703.509,111.415
ONEW,1022.97,0
CFB,215.181,0
OPRT,393.428,0
NVST,2282,100.8
OPCH,3032.61,0
SWTX,35,51.859
NET,431.059,127.144
CRNC,329.646,88.899
PING,243.589,48.934
DDOG,603.466,210.626
PTON,1825.9,89
VIR,76.368,302.411
IGMS,0,65.03
TXG,298.845,570.923
PNTG,388.188,0
FREQ,36.984,37.415
APRE,0,37.879
BRBR,988.3,9.4
PGNY,344.858,0
BEAM,0.024,103.179
PHAT,0,98.148
FDMT,13.612,53.038
OYST,0,39.811
HBT,158.521,0
ETNB,0,36.199
SITM,116.156,31.652
SPCE,0.238,158.757
AHCO,1056.389,0
BRMK,122.358,0
BILL,157.6,53.405
REYN,3263,41
BIPC,1430,0
SPT,132.949,30.491
ARNC,5675,36
ONEM,377.643,0
ARQT,0,115.308
PPD,4681.474,0
SDGR,108.095,64.695
BDTX,0,48.209
RVMD,42.983,132.252
PASG,0,82.788
VRT,4370.6,228.6
PAE,2714.628,0
OTIS,12756,152
CARR,17456,419
AZEK,899.259,7.7
VNT,2704.6,126.2
ALTG,873.6,0
SLQT,531.515,12.347
NARI,139.67,18.399
LUNG,32.733,7.46
ACCD,170.358,0
ORIC,0,60.764
GDYN,111.283,9.311
ZNTL,0,84.901
MSGE,762.936,0
KROS,0,33.86
PLRX,41.817,66.193
RNA,6.787,37.602
RPRX,2122.353,26.289
AMTI,0,53.936
VRM,1357.7,0
ACEL,316.352,0
FMTX,0,93.367
AKUS,0,34.297
GBIO,0,58.532
PCVX,0,73.564
EBC,591.701,0
GOCO,877.35,0
RXT,2707.1,36.7
NKTX,0,36.22
BLI,64.303,47.24
RLAY,82.654,99.862
ITOS,0,29.9
IAC,3047.681,267.359
LMND,94.4,19.4
ALXO,1.182,28.961
NCNO,204.293,58.263
JAMF,269.451,52.431
MEG,328.243,0
RKT,15980.705,0
VITL,214.28,0
OSH,880.566,0
BIGC,152.368,48.332
AFIB,8.464,33.454
NRIX,17.82,66.494
ANNX,0,49.271
INZY,0,46.493
NTST,33.977,0
ALVR,0,49.663
DCT,211.672,44.052
BEPC,3087,0
KYMR,34.034,62.105
MAXN,844.836,34.194
OM,49.935,28.85
SUMO,202.637,70.206
U,772.445,403.515
DYN,0,45.2
ATHA,0,13.286
LNSR,26.382,7.553
FROG,150.827,41.113
AMWL,245.265,84.412
BNL,321.661,0
PTVE,4689,0
TSHA,0,31.893
PMVP,0,23.933
ASO,5689.233,0
PRLD,0,48.177
EAR,69.154,12.045
CCCC,33.195,78.44
ALGS,0,79.89
CRSR,1702.367,50.064
KRON,0,43.25
STTK,9.934,37.483
MAX,584.814,12.449
MCFE,2906,475
PRAX,0,44.976
ARRY,872.662,0
MSP,518.785,78.932
LESL,1112.229,0
AVIR,48.633,38.023
GATO,0,0
NGMS,49.202,7.452
ALGM,591.207,108.649
SHC,818.158,0
MRVI,284.098,9.304
UPST,241.442,38.802
CNXC,4719.534,0
OLMA,0,13.704
CERT,243.53,19.644
SEER,0.656,18.942
AAN,1734.919,0
MASS,26.894,8.235
KNTE,0,29.237
SBTX,0,24.577
WOOF,4920.202,0
AI,183.217,68.856
BCAB,0.429,19.933
SHLS,175.518,0
CGEM,0,43.211
OCDX,1766.2,112.9
DRVN,904.2,0
PLTK,2371.5,268.9
BOLT,0.231,40.357
ONTF,156.941,19.275
SGFY,607.3,0
DSP,165.251,8.698
APR,1108.717,0
VOR,0,31.618
CGNT,443.458,128.705
SANA,0,257.879
SBGI,5943,0
DISH,15493.435,24
HA,844.813,0
LSI,621.628,0
PLAY,436.512,0
SYX,1029,0
WAB,7556.1,162.1
ACTG,29.782,0
RWT,572.953,0
EAF,1224.361,3.975
AAWW,3211.116,0
SHO,270.742,0
KFRC,1397.7,0
IART,1371.868,77.381
SVC,1255.628,0
ACGL,8378.654,0
MD,1711.951,0
NOVT,590.623,60.996
ERIE,2536.489,0
RE,9492.561,0
MYGN,638.6,77.2
RNR,5127.349,0
THG,4857.3,0
RICK,132.327,0
POOL,3936.623,0
DVA,11550.604,0
BANR,617.762,0
OPK,1419.213,75.316
HSIC,10119.141,0
SWM,1074.4,13.8
AEIS,1415.826,143.961
EL,14294,228
WAT,2365.365,140.777
SAM,1739.732,0
FFIC,275.37,0
NTAP,5744,881
NWPX,285.907,0
NVAX,475.598,747.027
CTXS,3236.7,538.08
NUAN,1478.899,226.234
HTLF,656.903,0
TGTX,0.152,165.896
MSM,3192.399,0
HIG,20315,0
SCCO,7984.9,0
APT,102.7,0
CMCO,649.642,12.405
UNTY,91.861,0
ALXN,6069.9,1002.9
CSGS,990.533,122.847
REV,1908.5,29.3
IRM,4147.27,0
HUBG,3495.644,0
IDT,1345.769,0
CENX,1605.1,0
KVHI,158.733,15.799
CWCO,72.628,0
EPM,29.599,0
LORL,0,0
SASR,526.276,0
TRV,31981,0
TCX,311.202,0
SYKE,1710.261,0
FCN,2461.275,0
PFBI,82.917,0
TUP,1740.1,12.4
NBIX,1045.9,439.5
SSNC,4667.9,399.4
SBSI,281.56,0
RUSHA,4735.94,0
CASI,15.141,29.298
ANSS,1681.297,355.371
DCOM,207.338,0
FDS,1494.111,224
QGEN,1870.346,149.072
CVCY,79.815,0
OCFC,453.534,0
PEGA,1017.517,236.986
STRA,1027.653,0
GERN,0.253,51.488
TTEC,1949.248,0
LAMR,1568.856,0
GES,1802.533,0
CSV,329.448,0
SRCL,2675.5,0
MMAC,2.253,0
WLFC,295.192,0
ANF,3125.384,0
ENDP,2903.074,158.902
SPPI,0,109.377
ATRS,149.599,10.121
WTBA,109.835,0
BJRI,778.51,0
HIBB,1419.657,0
WTFC,1896.577,0
PAG,20443.9,0
USNA,1134.644,10.633
TGI,1869.719,0
NOV,6090,0
UNFI,26514.267,0
SEAC,21.999,13.808
PLUS,1568.323,0
NUS,2581.934,23.3
STLD,9601.482,0
FORR,448.984,0
VSAT,2256.107,115.792
DGX,9437,0
LAD,13124.3,0
DXPE,1005.266,0
UBFO,39.321,0
HLIO,523.04,15.557
NSP,4287.004,0
KRC,901.821,0
CERS,114.249,64.41
VCEL,124.179,13.02
MTN,1963.704,0
CIEN,3532.157,529.888
SLGN,4921.943,0
KMX,20089.959,0
EEFT,2482.7,0
SSB,1221.169,0
TTWO,3372.772,317.311
FBC,2144,0
KNL,1236.4,14.2
RMBS,242.747,139.837
AMZN,386064,42740
UCBI,714.105,0
ARE,2315.106,0
QRVO,4015.307,570.395
SRPT,540.099,722.343
RL,4400.8,0
MMS,3461.537,0
BXP,2752.314,0
SLP,41.589,2.975
INDT,37.388,0
PPBI,702.051,0
FIX,2856.659,0
HLX,733.555,0
AROC,874.97,0
HSKA,197.323,8.772
EGHT,532.344,92.034
CXW,1905.485,0
OZK,1184.781,0
JLL,16589.9,0
EVBN,87.07,0
QADA,307.865,56.084
UMPQ,1424.636,0
DHIL,141.667,0
BFAM,1515.093,0
SLG,1009.528,0
PSMT,3329.188,0
SIGA,124.959,10.939
MTOR,3044,74
PETS,309.215,0
YUM,5652,0
FARO,304.376,42.896
PLCE,1522.598,0
FCCY,83.789,0
NAT,354.619,0
CAC,207.69,0
NLY,3700.757,0
NRC,133.277,0
SRI,648.006,49.386
OSIS,1166.044,57.308
CHRW,16207.106,0
CHH,774.072,0
CSR,176.442,0
DRQ,364.973,18.92
MBWM,193.485,0
CWST,774.584,0
EPR,412.12,0
GPI,10851.8,0
MTD,3085.177,140.102
MOFG,223.407,0
SAH,9767.042,0
AMG,2027.5,0
CFFI,152.331,0
INGR,5987,43
POWI,488.318,81.711
URI,8530,0
AAIC,-32.185,0
NWFL,66.235,0
OVLY,50.925,0
LCNB,79.521,0
HOPE,652.31,0
HFWA,251.549,0
TSBK,72.869,0
MPB,125.843,0
SCS,2596.2,48.1
WPC,1190.762,0
RMTI,62.197,7.092
VRSN,1265.052,74.671
IESC,1190.856,0
PRDO,687.314,0
MRCY,796.61,98.485
PFIS,110.767,0
PWR,11202.672,0
COFS,78.413,0
CNXN,2590.29,0
SRDX,94.864,50.188
CIX,114.537,0
OSPN,215.691,41.194
INO,7.411,94.245
FHI,1448.268,0
TPB,382.114,0
AMCR,12467.5,97.3
NLSN,6290,0
NCLH,1279.908,0
AMT,8041.5,0
PAYS,30.413,0
BSRR,134.893,0
BRKL,351.461,0
COLM,2513.662,0
MCBC,91.2,0
UUUU,1.658,0
PGC,227.51,0
MRKR,0.467,18.881
FGBI,124.464,0
PFBC,220.325,0
HTBK,160.393,0
LBAI,275.952,0
TCFC,79.489,0
MANH,586.372,84.276
CRAI,508.373,0
AMKR,5050.589,140.727
VTR,3797.201,0
SMMF,135.086,0
IOSP,1193.1,30.9
AXTI,95.361,7.135
CATC,168.903,0
HCKT,239.482,0
HZO,1509.713,0
MSTR,480.735,103.561
EGBN,435.682,0
ORRF,127.94,0
CTSH,16652,0
RH,2849.999,0
DOX,4169.039,282.042
FNLC,95.238,0
CSGP,1659.019,162.916
BOCH,64.131,0
RSG,10153.6,0
FMAO,86.949,0
RBCAA,339.311,0
SMED,51.146,0
CCI,5840,0
EBAY,10271,1087
GS,53498,0
MFNC,72.228,0
FNHC,429.663,0
PB,1275.444,0
SNBR,1856.555,40.91
BCOR,754.952,27.258
GCBC,61.964,0
FCAP,38.246,0
GDEN,694.155,0
EFSC,359.282,0
STL,1149.583,0
HT,173.761,0
NVDA,16675,3924
AXL,4710.8,117.4
AUD,1060.898,0
EWBC,1830.589,0
APTV,13066,1024
EPAY,442.221,73.019
GBL,259.726,0
EBTC,162.087,0
MKSI,2330,173.1
BKNG,6840,0
TREX,880.831,3.4
CFFN,324.577,0
EXTR,948.019,209.606
HSII,629.37,0
CNX,1257.978,0
TOWN,726.72,0
WCC,12325.995,0
USCR,1365.7,0
FFIV,2350.822,441.324
SKX,4613.431,17.9
SBAC,2083.138,0
UTHR,1483.3,357.7
STMP,757.98,95.6
FISI,204.475,0
JNPR,4445.1,958.4
ECPG,1501.4,0
JCOM,1489.593,64.295
VHC,0.208,8.83
HOFT,540.081,0
BMRN,1860.455,628.116
LII,3634.1,66.8
PRFT,612.133,0
FLWS,1489.637,0
NTCT,831.282,179.163
EGAN,72.729,16.638
DHC,1650.247,0
BLK,16205,0
CIR,773.271,8.4
WWE,974.207,0
SFST,119.961,0
AKAM,3198.149,269.315
GAIA,66.827,0
PLUG,306.463,27.848
NEO,444.448,8.229
KTOS,747.7,27
CHTR,48417,0
EXPE,5199,0
IMMR,30.456,5.014
ONTO,556.496,84.584
A,5339,405
TDY,3086.2,196
BGCP,2056.72,0
PKG,6658.2,15.5
ZYXI,80.122,0.8
AGEN,88.17,142.617
SLAB,886.677,287.887
EW,4386.3,760.7
EPC,1949.7,55.3
RIGL,108.621,60.101
LMNX,417.396,53.651
CCMP,1116.27,52.311
HSTM,244.826,32.305
MET,67906,0
LXRX,23.995,153.621
LPSN,366.62,108.414
SGMO,118.192,180.647
EXEL,987.538,547.851
ON,5255,644.2
CEVA,100.326,62.01
RBBN,843.795,194.525
NRG,9093,0
INSM,164.413,181.157
PACW,1249.551,0
VC,2548,201
ISRG,4438.4,595.1
CRL,2923.933,0
MRVL,2968.9,1072.74
BHLB,474.849,0
ENTG,1859.313,136.057
ACLS,474.56,61.833
MAXR,1723,15
SAVA,0,3.053
EVC,344.026,0
ARNA,0.319,323.74
ILMN,3239,682
BRKR,1987.5,198
SRGA,101.749,11.947
EQIX,5998.545,0
PNFP,1338.882,0
MCO,5371,0
TTMI,2105.322,19.77
AWH,4.651,2.104
DRRX,30.111,27.709
ITGR,1073.442,48.468
TPR,4961.4,0
SLCT,69.328,0
TNET,4034,0
INSG,313.832,44.953
EXAS,1491.391,554.052
ALGN,2471.941,175.307
GRMN,4186.573,705.685
SGEN,2175.536,827.129
HBIO,102.1,8.685
DVAX,46.551,28.607
ACAD,441.755,222.425
GPN,7423.558,0
OIS,638.075,6.1
BTU,2881.1,0
MPX,239.825,0.751
SYNA,1333.9,302.5
MDLZ,26581,332
OMCL,892.208,70.161
SHBI,70.426,0
PRU,57031,0
ACN,44327.039,870.611
AXON,681.003,123.195
ADS,4521.4,0
WLTW,9352,0
MVBF,154.65,0
CCRN,836.417,0
BG,41355,24
NTUS,415.684,61.296
PDFS,88.046,34.654
AMN,2393.714,0
ZBH,7024.5,405
ABG,7131.8,0
XPO,16252,0
ANTM,121867,0
GME,5089.8,0
WW,1378.124,0
CNC,111115,0
PFG,14597.8,0
AAP,10106.321,0
AYI,3326.3,82
PDM,537.615,0
MANT,2518.384,0
WNEB,94.479,0
CORT,353.874,114.764
CUTR,147.683,14.322
CCOI,553.016,0
VRNT,1273.705,240.169
JBLU,2957,0
BCBP,121.538,0
NFLX,24996.056,1829.6
CVGW,1059.371,0.7
CPSI,264.488,33.457
OSTK,2549.783,0
ACM,13239.976,0
BDSI,156.471,0
GLDD,733.601,0
TDG,5103,130.9
FORM,693.616,89.034
SAFT,837.969,0
RRGB,868.715,0
NPO,1074,15.2
CME,4883.6,0
WHG,64.765,0
NXST,4501.269,0
WYNN,2095.861,0
NDAQ,5627,0
BANC,309.125,0
CIT,3150.4,0
DKS,9584.019,0
GALT,0,17.976
CRI,3050.61,0
PFS,435.74,0
TCBI,1242.428,0
PRAA,1065.414,0
SAIA,1822.366,0
XEC,1558.595,0
OTRK,82.837,12.923
BFC,124.22,0
PKBK,88.721,0
HALO,267.594,34.236
FBMS,213.389,0
MOH,19423,0
AXS,4841.954,0
BCLI,0,22.329
NTGR,1255.202,88.788
GOOD,133.152,0
MODV,1368.675,0
ATSG,1570.575,0
WLL,737.478,0
LKQ,11628.83,0
NNI,1520.64,0
XPER,892.02,195.154
SNX,24675.563,0
MRLN,127.699,0
AEL,2426.611,0
ADES,61.577,1
CONN,1385.209,0
TPX,3676.9,23.1
HTH,2236.975,0
AIZ,10094.8,0
CMP,1373.5,0
KRO,1638.8,16
VST,11443,0
PCB,91.501,0
SRC,483.617,0
CRM,21252,3598
MEIP,28.913,34.065
AGO,1081,0
NYMT,15.591,0
GNW,8653,0
CYTK,55.828,96.951
TBBK,295.399,0
SP,1086.9,0
MKTX,691.571,0
BGS,1967.909,0
ABR,738.22,0
DPZ,4117.411,0
MA,15301,0
GOOGL,182527,27573
MNKD,65.144,19.481
WTI,346.634,0
MORN,1389.5,0
STXS,26.63,8.137
TXRH,2398.123,0
BWFG,80.371,0
EXR,1393.765,0
BECN,6943.9,0
SFL,471.047,0
INVA,336.794,1.788
HY,2812.1,100.5
WLK,7504,0
DRH,299.879,0
MRTX,13.398,299.349
SBNY,2006.894,0
VVI,415.435,0
MPWR,844.452,137.598
ENS,2977.932,0
ORA,705.342,0
CUBE,679.355,0
DLR,3866.202,0
BCML,95.967,0
ACC,910.223,0
MIC,847,0
LVS,3886,0
KRNY,253.269,0
PBIP,50.33,0
BFIN,58.241,0
HURN,871.014,0
CNSL,1304.028,0
MOS,8681.7,0
CYRX,78.696,9.484
MPW,1269.655,0
CE,5655,74
NP,792.6,7.6
INBK,173.195,0
PBH,943.365,0
ULH,1391.083,0
DLB,1161.792,239.045
WEX,1559.869,0
XPEL,158.924,0.144
HUN,6018,135
LHCG,2063.204,0
EXLS,958.434,0
LAZ,2641.103,0
AX,725.826,0
CORE,13617.1,0
DXCM,1926.7,359.9
MNOV,0,7.485
INFO,4287.8,0
RLGT,855.197,0
ZUMZ,990.652,0
BLDR,8558.874,0
CTRN,783.294,0
KOP,1669.1,0
ICE,8244,0
EVRI,383.674,27.943
EGLE,275.133,0
CPS,2375.439,101.607
FSP,248.948,0
ATRC,206.531,43.07
RUTH,277.748,0
WAL,1332.6,0
JRVR,665.481,0
GNK,355.56,0
CF,4124,0
CXP,316.496,0
CTSO,41.005,8.811
THS,4350.8,16.6
CMPR,2481.358,49.201
OFLX,105.796,0.831
RPAI,430.043,0
DISCA,10671,0
TROX,2758,12
ISBC,1048.283,0
WSBF,322.501,0
OPBK,64.427,0
IRBT,1430.39,156.67
SPR,3404.8,38.8
ACCO,1655.2,19.7
ROLL,608.984,0
AMSF,339.477,0
HOMB,787.748,0
BKD,3424.446,0
AMP,11977,0
MNSB,69.523,0
CROX,1385.951,10.2
SPWR,1124.829,22.381
UAA,4474.667,0
LDOS,12297,73
CORR,41.456,0
ZIOP,0,52.696
DHT,691.039,0
FNF,10778,0
FBIZ,121.119,0
CPA,813.344,0
LYV,1861.178,0
UEC,0,0
HEES,1169.12,0
CMG,5984.634,0
FIS,12552,0
LQDT,205.94,0
KRA,1563.15,40.743
VNDA,248.168,55.577
AVXL,0,25.232
MWA,964.1,15
ATEC,144.861,18.745
VG,1247.934,81.484
DK,7301.8,0
LUNA,82.681,6.713
SNCR,291.67,77.043
HBMD,98.722,0
PFPT,1050.01,283.799
GOGO,269.718,25.2
CUBI,645.038,0
HTBI,166.586,0
RDUS,238.645,159.712
POST,5698.7,28.5
SPLK,2229.385,791.026
FB,85965,18447
ESRT,611.865,0
FANG,2813,0
CSTE,486.412,3.974
PSX,64129,48
PBYI,225.11,97.65
GMED,789.042,84.519
NOW,4519.484,1024.327
BLMN,3170.561,2.4
PANW,3408.4,768.1
FIVE,1962.137,0
RLGY,6221,0
PGTI,882.621,0
CVLT,723.472,133.401
PTCT,380.766,477.643
QRTEA,14177,0
SEM,5531.713,0
KBR,5767,0
EHTH,582.774,9.1
LMAT,129.366,10.099
INFU,97.388,0
ESXB,69.399,0
ICFI,1506.875,0
GTS,3702.438,0
TNL,2365,0
EVR,2288.76,0
ORBC,248.466,12.72
ALGT,990.073,0
FOLD,260.886,116.096
WU,4835,0
CELH,130.726,0.508
DEI,891.236,0
HBI,6664.35,44.71
FSLR,2711.332,93.738
GORO,90.692,0
FRST,143.23,0
WLDN,390.98,0
PRIM,3491.497,0
AWI,936.9,14.7
SBH,3514.33,0
IPGP,1200.724,126.898
CPRX,119.073,16.497
ATHX,1.44,62.994
EBS,1555.4,205.5
CTT,99.615,0
AIMC,1726,57.8
TAST,1547.502,0
III,249.128,0
CLNE,291.724,0
NCMI,90.4,1.9
SMCI,3339.281,221.478
EIG,711.4,0
PRTS,443.884,0
ESGR,2660.506,0
ARAY,382.928,49.784
IBKR,2492,0
ESSA,77.327,0
UFS,3652,0
TFSL,508.549,0
CARE,167.422,0
BR,4529,0
GLRE,478.818,0
FRBA,95.553,0
CNK,686.31,0
CAI,294.013,0
TTGT,148.376,7.827
PODD,904.4,146.8
INFN,1355.596,265.634
JAZZ,2363.567,722.764
LLNW,230.194,21.68
CDXC,59.257,3.732
DFS,12953,0
AMC,1242.4,0
TIPT,814.729,0
PRO,252.424,75.614
SCOR,356.036,38.706
MASI,1143.744,118.659
DHX,136.878,16.47
ALSN,2081,147
G,3709.377,0
LULU,4401.879,0
RILY,902.721,0
VMW,11767,2816
TDC,1836,334
MSCI,1695.39,101.053
LPLA,5871.64,0
ROIC,284.114,0
TGH,665.315,0
CVI,3930,0
PZN,138.619,0
ULTA,6151.953,0
APEI,321.785,0
ENSG,2402.596,0
LL,1097.702,0
SCU,897.02,0
UIHC,846.656,0
NFBK,179.617,0
CIM,1086.532,0
TITN,1411.222,0
LRN,1040.765,9.7
ACBI,109.281,0
FOR,931.8,0
SATS,1887.907,29.448
EBSB,265.06,0
CSII,236.545,43.355
AWK,3777,0
V,21846,0
CFX,3070.769,68.6
FN,1641.836,0
HCCI,405.951,0.3
PM,28694,495
HI,2517,18.6
CCXI,64.891,77.882
ZGNX,13.643,148.702
SWI,1019.241,126.216
ERII,118.986,23.449
KKR,9718.02,0
VRS,1359,0
NX,851.573,0
CDNA,192.194,48.941
FLDM,135.044,36.461
CDXS,69.056,44.185
IPI,196.954,0
AGNC,2645,0
ECHO,2511.515,0
HCI,275.12,0
MRC,2560,0
IOVA,0,201.727
LOPE,844.096,0
SB,206.035,0
HBCP,118.434,0
IVR,283.401,0
MG,592.571,2.892
BKI,1238.5,0
ATVI,8086,1150
TREE,909.99,43.636
JBT,1727.8,29.3
RXN,1433.1,27.5
BERY,11709,79
MYRG,2247.392,0
VRSK,2784.6,48.9
IBIO,1.648,3.213
AVGO,23888,4968
MDRX,1502.7,206.061
GPRE,1923.719,0
DMRC,23.99,17.314
FSBW,144.196,0
CLW,1868.6,0
SLCA,845.885,0
OPI,587.505,0
RC,356.181,0
WMC,41.251,0
TBNK,76.561,0
ADUS,764.775,0
ASPS,365.547,0
TXMD,64.872,10.432
PMT,738.383,0
H,2066,0
FTNT,2594.4,341.4
STWD,1173.472,0
KAR,2187.7,0
OMER,73.813,110.817
SRNE,39.986,154.332
CLNY,772.728,0
ARI,429.173,0
RCM,1270.8,0
IRDM,583.439,12.037
GNRC,2485.2,80.251
TWO,-875.71,0
COWN,1430.627,0
FLNT,310.719,12.604
ARR,164.99,0
PEB,442.888,0
TRNO,187.757,0
EFC,211.464,0
CALX,541.239,85.258
ST,3045.578,131.429
CRMD,0.239,13.377
SPSC,312.63,31.024
MSGN,685.797,0
FIBK,690.2,0
APO,2354.019,0
IRWD,389.523,88.062
PLOW,480.154,6.679
QNST,490.339,14.206
EXPR,1208.374,0
STNG,915.892,0
GDOT,1238.974,0
CBOE,3427.1,0
MXL,478.596,179.993
ENV,998.23,0
AOSL,464.909,51.252
CLDT,137.671,0
FLT,2388.855,0
NPTN,371.163,56.1
AMRS,173.137,71.676
QUAD,2929.6,3
FAF,7080.949,0
WKHS,1.393,9.149
TSLA,31536,1491
HPP,812.605,0
AMRC,1032.275,0
VPG,269.812,12.6
COR,606.824,0
VRA,468.272,0
BWXT,2123.516,14.189
ASMB,79.105,106.823
STAG,483.857,0
APTS,501.883,0
HZNP,2200.429,209.364
WD,1128.661,0
CLAR,224.007,10.159
EVTC,510.588,0
INN,234.608,0
PACB,78.893,64.152
WSR,119.114,0
TRGP,8260.3,0
AAT,345.009,0
SBRA,580.97,0
SAVE,1810.022,0
CSOD,740.916,112.945
CMRE,460.319,0
HHC,699.489,0
BKU,1200.83,0
PCRX,429.647,59.421
BAH,7858.938,0
ACRX,5.416,4.017
REVG,2277.6,5.8
SUPN,520.397,75.961
GWRS,38.627,0
KOS,804.033,0
AL,1946.62,0
WIFI,237.416,0
HII,9361,31
THR,276.181,7.466
RLJ,468.87,0
SEAS,431.779,0
SXC,1333,0
VER,1171.515,0
ARMK,12829.559,0
CHEF,1111.631,0
MPC,69779,0
Z,3339.817,383.1
ORC,116.82,0
HMST,401.376,0
MSBI,306.137,0
RM,373.906,0
GRPN,1416.868,0
AMCX,2814.956,0
ENPH,774.425,55.921
UI,1284.5,89.405
ASPN,100.273,8.729
TSE,3035.5,60.4
TLYS,531.329,0
ZNGA,1974.8,713.7
HTA,745.55,0
REGI,2137.148,0
PRLB,434.395,36.94
EPAM,2659.478,0
BCEI,218.09,0
VCRA,198.42,38.82
MTSI,530.037,141.333
CHUY,320.952,0
MTDR,862.126,0
FRGI,554.803,0
BCOV,197.353,33.978
FBHS,6090.3,49.9
FRG,2147.593,0
CG,2934.6,0
XYL,4876,187
ACRE,130.637,0
ENVA,684.193,0
GO,3134.64,0
VVNT,1260.566,15.222
AXGN,112.3,17.846
GWRE,742.307,200.575
NBHC,358.26,0
VAC,2886,0
ACHC,2089.929,0
VSTM,18.516,41.376
CLVS,164.522,257.707
PBF,15115.9,0
YELP,872.933,232.561
FBIO,45.599,64.109
CPRI,4060,0
TRIP,604,0
IGT,3115.456,190.948
GLNG,438.637,0
TPH,3260.447,0
NTB,536.39,0
CBRE,23826.195,0
BLKB,913.219,100.146
TRTN,1393.687,0
SNDR,4552.8,0
ALNY,492.853,654.819
NUVA,1050.582,80.849
GHL,311.678,0
CATM,1093.999,0
UCTT,1398.6,14.8
CNS,427.536,0
KRG,264.96,0
LXFR,324.8,3.3
FF,204.505,2.988
LYB,27753,113
FRO,1221.187,0
ESI,1853.7,48.6
NETI,163.732,0
ALLE,2719.9,54.4
GAN,35.159,0
LPG,318.218,0
ATH,14764,0
APG,3587,0
NVT,1998.6,43.5
ACA,1935.6,
HYFM,342.205,
