tic,RetEarly2020,RetLate2020
JJSF,-0.3402344928,0.3003404139
PLXS,-0.2908758886,0.4334691012
HNGR,-0.435711705,0.4114245342
ORCL,-0.08359556983,0.3561660646
MSFT,0.003212116413,0.4211393749
TROW,-0.1911520929,0.5819420639
HON,-0.2399298573,0.6156442885
AMRC,-0.02685720573,2.067522046
RGEN,0.04367615927,0.9849809694
BWXT,-0.2123067331,0.2496885711
PTVCB,-0.1394389206,0.01837618925
INDB,-0.2212609479,0.1597619334
HVT,-0.4079204332,1.646724844
TMP,-0.2101668886,0.007703186162
BCPC,-0.02863348049,0.1730152295
DJCO,-0.213897437,0.7695982225
ASTE,-0.1647615197,0.6660364695
WERN,-0.001139265537,0.09134701982
SKYW,-0.592604183,0.5391355478
FRPH,-0.136719369,0.05930124789
AMWD,-0.5639648875,1.059469696
ADM,-0.2337343757,0.4682126288
VIVO,-0.1402249789,1.225001345
CLFD,-0.149928968,1.086076385
WTS,-0.1493850992,0.4479610647
FNB,-0.4102361656,0.3499068637
EHC,-0.0716045315,0.3072651731
FISV,-0.1785006774,0.1986514535
FCNCA,-0.3738000593,0.7304927868
HTLD,-0.1168646842,-0.02224422556
OSUR,0.3399751729,-0.01626396049
CAL,-0.7781051585,2.070773706
BC,-0.4076432813,1.181158729
UIS,0.04131477073,0.5935197482
WSFS,-0.4315350972,0.8218968198
ITIC,-0.1932157045,0.312837179
CERN,-0.1417089255,0.2590623298
WBS,-0.5663179882,0.9137963348
MKL,-0.1883183124,0.1136010554
AXGN,-0.4186692585,0.7211543892
FLIC,-0.2953339221,0.05406014712
FBP,-0.4944761077,0.7752962226
AVD,-0.2562918382,0.07468962646
PLAB,-0.3489851096,0.08771904092
CRMT,-0.4861389131,0.9492434208
ARGO,-0.4332438154,0.2105221805
OFG,-0.5235068954,0.68269808
CATO,-0.3678160841,-0.1012190263
FBNC,-0.4171885505,0.4969081951
WSBC,-0.3643822391,0.3172085254
KO,-0.1931346093,0.2711006879
SAFM,-0.2985662041,0.08131604208
CNBKA,-0.3071711813,0.250218717
UBSI,-0.3939476191,0.460359393
ENV,-0.2276308675,0.5301227102
WASH,-0.3108389506,0.2798509499
CDNS,-0.04786626414,1.065869945
ED,-0.1294677973,-0.04449061626
CHCO,-0.1820494132,0.07386520571
EBIX,-0.5443563372,1.524401697
CECE,-0.3903392854,0.4903654468
FICO,-0.178792245,0.6608933463
CNMD,-0.4860947914,0.9695799618
HBNC,-0.4773721748,0.660691005
EPAC,-0.3641950547,0.3692296959
ATRI,-0.1330008506,-0.00386830017
XRAY,-0.3120694712,0.3571798613
FAST,-0.1482006323,0.6038876131
CPF,-0.4573057185,0.2479430063
HRTX,-0.5004247696,0.8028132766
CRK,-0.3450787592,-0.1892391935
GDOT,0.08969921084,1.197716548
DTE,-0.2609344412,0.3134366849
MATX,-0.244538761,0.8930976654
IMKTA,-0.23588473,0.1948512377
AIN,-0.3740775667,0.5664857521
IIVI,-0.1535492783,1.665262321
ETN,-0.1720857194,0.5803180879
JOUT,-0.1807615967,0.8086328344
SIVB,-0.3981833765,1.56705011
ALCO,-0.1311737844,0.01122583877
MITK,0.03006506155,1.256346043
CLH,-0.401282556,0.4822750674
CYBE,-0.06909627908,0.326123108
CTBI,-0.3102489241,0.2074595564
XOM,-0.4466581165,0.1562577001
IPAR,-0.3579977555,0.3050702033
MGM,-0.6408169459,1.671254974
MXIM,-0.2029018985,0.8517741859
WM,-0.1830021797,0.2927631232
KKR,-0.1918904448,0.746300463
TCF,-0.5111616247,0.6924662098
COKE,-0.2651904204,0.2810369613
DY,-0.4559914294,1.944247911
QUAD,-0.4435225744,0.5158748352
GATX,-0.2398330808,0.3579504052
GORO,-0.5022950522,0.06723959546
GD,-0.2453680226,0.1523297346
GE,-0.2876338634,0.3656414802
LH,-0.2528820028,0.6104885571
ONB,-0.2724344801,0.2924608831
WSR,-0.53086165,0.3468383051
PBCT,-0.3386275276,0.2268844071
SIG,-0.6987957364,3.227910288
COR,0.04459421567,0.1138588396
FRBK,-0.4760768272,0.3013710206
HIFS,-0.3069019708,0.5089645527
LNN,-0.04295582572,0.4158944038
MGPI,-0.4425178089,0.7664656254
CDMO,-0.3337684393,1.258318939
AMRS,-0.1715204008,1.412108332
CHTR,-0.1005402489,0.5162392426
EFC,-0.6747558893,1.776799702
LYB,-0.4669852965,0.9299887322
PACB,-0.4046697851,7.477125049
VRA,-0.6508478521,0.9320375125
BAH,-0.03081098593,0.2842269018
GM,-0.4218576405,1.00385072
HHC,-0.6015774643,0.5623519997
CMRE,-0.5197275472,0.942968398
LPLA,-0.4072628391,0.9326129665
ZGNX,-0.525609418,-0.1916689451
FRC,-0.2982455003,0.7951805284
FLT,-0.3516615708,0.462581003
INFU,-0.004689682052,1.212013059
KNX,-0.08258942271,0.2824059714
TRGP,-0.8265420645,2.892262468
WD,-0.3739395584,1.330979172
ACNB,-0.2002632204,-0.1397219161
IBM,-0.1621105859,0.1801444665
QADA,-0.2159828716,0.5922479147
ASMB,-0.2751705523,-0.5920424174
NAV,-0.4301998985,1.665860208
AAT,-0.4488016416,0.1857497907
BKU,-0.4852566972,0.9203081047
IBIO,3.257028823,-0.009432952727
NLSN,-0.3793100152,0.683780533
KMI,-0.3345892001,0.03937466718
NPTN,-0.1780050391,0.2537937307
INN,-0.6513824687,1.135070823
ITT,-0.3839942179,0.7114786774
ACRX,-0.4407583852,0.0508476936
FLDM,-0.2701156363,1.362206297
PCRX,-0.2598231471,0.7846712831
USCR,-0.5645703708,1.203415079
APO,-0.2828399929,0.5078365782
FF,-0.08502980678,0.4738130547
HCA,-0.3900666791,0.8303852408
HII,-0.2700766589,-0.04642459095
CSOD,-0.4577284706,0.3870848858
AL,-0.5309344068,1.034181449
KSU,-0.1670151505,0.6163831173
APTS,-0.4412543258,0.1142835393
STAG,-0.2771074016,0.4418894258
RLJ,-0.563769346,0.8382612244
ECOL,-0.47329796,0.1950648023
SR,-0.09851718182,-0.1129573603
THR,-0.4376869609,0.03716032546
KOS,-0.8349473873,1.623937377
SAVE,-0.6802277748,0.8968167464
WIFI,-0.03105065704,0.1988678785
MPC,-0.6031719642,0.8360589479
AMCX,-0.3845566964,0.4714125513
SXC,-0.3739792812,0.1846072601
CHEF,-0.73576481,1.551143417
HZNP,-0.1817677361,1.469616107
ZG,-0.2573240865,3.001766508
FBHS,-0.3355049296,1.001180842
VER,-0.4558980901,0.5987637479
FMNB,-0.2806376472,0.1728391954
LCNB,-0.3397270215,0.2098091577
XYL,-0.1705926524,0.5783511487
UI,-0.2491631994,0.977876882
VAC,-0.5659361745,1.468875969
APTV,-0.48006021,1.64601707
ACHC,-0.4476227865,1.738966794
CLVS,-0.3899277701,-0.245282002
GRPN,-0.5898739946,0.9381241455
BCEI,-0.5179945256,0.7182230358
CPRI,-0.717169097,2.892496485
FBIO,-0.2645914879,0.6772478157
TRIP,-0.4275833891,0.6549743255
ZNGA,0.1192805388,0.4408749979
GWRE,-0.2774898749,0.6231238597
POST,-0.2395049363,0.2174281866
RLGT,-0.3052072251,0.4987080422
REGI,-0.2382193509,2.449583329
VSTM,0.97015066,-0.1931818856
EPAM,-0.124905855,0.9301408953
MTDR,-0.8619924422,3.862908121
PRLB,-0.2503207965,1.014972951
SLCA,-0.7040653237,2.90000157
BCOV,-0.1979286903,1.639885574
CCXI,0.01592881985,0.5410635385
HMST,-0.3425559124,0.5432737488
ALSN,-0.3216061973,0.3403848741
RM,-0.5451214037,1.202302254
NL,-0.2276220379,0.6554192283
RXN,-0.303120549,0.7551402706
VCRA,0.02312173229,0.9552729421
YELP,-0.48234235,0.8119799959
CSTE,-0.2986060547,0.2337863527
ENPH,0.2357436801,4.43418746
GALT,-0.3146855538,0.1428565667
MTSI,-0.2883451842,1.907556765
HEAR,-0.3396829303,2.453525309
ACRE,-0.5378788365,0.8799445766
MRC,-0.6876832814,0.5563403799
PSX,-0.5126560263,0.3588151638
RPAI,-0.601819234,0.681660991
FRGI,-0.5925180129,1.828786641
PFPT,-0.106202304,0.3296620452
SPLK,-0.1571749321,0.3458769642
TLYS,-0.6109884979,0.975787009
WMC,-0.7783156337,0.4871442818
CG,-0.3191957802,0.4925322779
FB,-0.1873326705,0.6376491619
SUPN,-0.2415685277,0.3985569373
ALEX,-0.4556298285,0.5445628499
HTA,-0.1981497126,0.1771806139
NOW,0.01508909559,0.9206833352
TROX,-0.5577931934,2.006412302
ANAT,-0.2929981977,0.2045825457
NGVC,-0.1290441513,0.8641463406
PANW,-0.2909834256,1.167542914
CHUY,-0.6114966944,1.630584769
FIVE,-0.4495545155,1.486215033
FSBW,-0.4331678762,0.5439354554
HBMD,-0.3566354654,0.08747584426
HTBI,-0.4048858806,0.2302763219
FRG,-0.6241380808,2.673121208
GMED,-0.2776833521,0.5335064402
BLMN,-0.6728873964,1.719888014
HY,-0.3155632079,0.5187923969
NBHC,-0.3169716592,0.3994933918
PNR,-0.3483383688,0.8085712343
LFVN,-0.3401665916,-0.0951458429
QLYS,0.04342073023,0.4009651842
BERY,-0.2901669709,0.6668650898
OLN,-0.3151214175,1.197461386
PBYI,-0.03542833248,0.2156399246
RLGY,-0.6890500297,3.358804795
SSTK,-0.2460355154,1.252963817
WDAY,-0.2081481726,0.8400389756
AMBA,-0.1981504422,0.890856571
FANG,-0.7138166757,0.8991924467
ICPT,-0.4919306144,-0.6076872444
RH,-0.5294143163,3.454257399
PCG,-0.1729534269,0.3859832345
CHMG,-0.2178823763,0.05660371202
NEO,-0.05606861167,0.9500170501
PRTA,-0.3240691476,0.1224288563
UIHC,-0.2624893588,-0.3627552875
ABBV,-0.12695186,0.4643016518
PBF,-0.7712822665,0.00282376929
BFAM,-0.3213125407,0.69598087
TPH,-0.4370988272,0.9669313049
CONE,-0.04860182974,0.2098198843
LAND,-0.07675565004,0.2695039797
FWONA,-0.4102332033,0.471339043
NCLH,-0.8123610759,1.320256544
BCC,-0.3471933675,1.109494326
ORC,-0.4678633303,0.9804052607
AMSWA,-0.03864114719,0.2327815509
RC,-0.5058369083,0.8727103053
ZTS,-0.1094411952,0.4120487567
INBK,-0.3049349275,0.767461215
XONE,-0.1434321594,0.4851321611
APAM,-0.305307714,1.478086201
MODN,-0.3666954576,0.6064838891
ENTA,-0.1675296527,-0.1814110592
EVTC,-0.3307870979,0.7382403115
HASI,-0.3657552663,2.219037797
PEP,-0.1142533992,0.2621729519
SEAS,-0.6524759001,1.866607779
TMHC,-0.4967977364,1.331819166
TXMD,-0.5619835216,0.1415102974
CMRX,-0.290640752,2.354167636
HMTV,-0.4249161094,0.2131149001
IBTX,-0.5705646204,1.68620529
AHH,-0.4049046225,0.07145654771
ECOM,-0.1969028911,1.201103134
MO,-0.2083755346,0.1302689916
VOYA,-0.3331334788,0.4631394098
NRZ,-0.6890135504,1.107627076
PFSI,-0.3482598163,1.994745953
IQV,-0.3019230361,0.6611348685
ARCT,0.250229125,2.192050713
AMBC,-0.427908785,0.2463540702
CUBI,-0.5409491005,0.8489192293
EPZM,-0.3695120783,-0.2998071638
COP,-0.5222640331,0.345959621
NRC,-0.3070976852,-0.06002593306
PVH,-0.6416783261,1.494421135
TSC,-0.629785956,0.7993786869
BLUE,-0.4762394564,-0.05852751337
CDW,-0.344858643,0.4269363749
ESPR,-0.4712393381,-0.1753888402
GOGO,-0.6687496816,3.542452491
NDLS,-0.1498195825,0.6772805458
NSTG,-0.1355137481,1.7808747
NWSA,-0.3582033425,1.016506807
NWS,-0.3735357364,0.9907794087
PTCT,-0.07120577343,0.3680805468
SAMG,-0.2352941307,0.5269022882
COTY,-0.5351215512,0.3604666121
GTT,-0.2995595519,-0.5509430936
AMGN,-0.1523037978,0.1575136305
CWEN,-0.09269254048,0.7819754466
DOC,-0.2552435129,0.3303748486
REXR,-0.09732943193,0.21467949
SRC,-0.4555711693,0.617413205
AGIO,-0.2569633793,0.2212505778
LIND,-0.7449543439,3.105513164
MRTX,-0.4034606936,1.857285853
AMH,-0.112933605,0.2999440069
IRT,-0.3650575414,0.5742453557
MUSA,-0.2789739529,0.5543543226
FI,-0.4990327966,0.05791718615
ASC,-0.4146160751,-0.3771428818
FOXF,-0.3962914395,1.516905571
SFM,-0.03927638965,0.08122645587
RNG,0.2563595384,0.7883505882
SAIC,-0.1387652455,0.285962625
AAOI,-0.3611110059,0.1212121026
BNFT,-0.593892245,0.6251379932
FEYE,-0.3599511731,1.179583658
NVEE,-0.1815660309,0.9079659975
ISEE,-0.5990673281,1.008720364
PINC,-0.1362193829,0.08475046693
TCFC,-0.376406138,0.2182634099
XLRN,0.6950199794,0.4236108827
DOOR,-0.3428886529,1.072497097
AR,-0.7498598164,6.644828332
BRX,-0.5541117502,0.78546671
BURL,-0.3050917827,0.6505738389
CHMI,-0.5476356129,0.6101723495
CXP,-0.3955439794,0.2047065062
CPS,-0.6902891148,2.375853913
ESRT,-0.3506446675,0.05578076194
MMI,-0.272482709,0.3738014235
QTS,0.07757551834,0.09077187141
RMAX,-0.4247856634,0.6926883734
OMF,-0.5114503681,1.790973346
VEEV,0.1116878551,0.7410630487
ESNT,-0.4902868362,0.6607443518
AERI,-0.4414564285,0.0007401648066
COMM,-0.3579984947,0.4709105955
FATE,0.1349001286,3.094100784
GLPI,-0.3400699399,0.6109732771
MGNX,-0.4650734775,2.927834359
SRNE,-0.4556211676,2.709241007
VCYT,-0.129298755,1.013162872
CHGG,-0.05618544058,1.524596654
TCS,-0.4407576803,3.042372888
SLB,-0.6582341909,0.6517267284
STAY,-0.4925978757,1.030855043
TWTR,-0.2336966509,1.204804478
ALLE,-0.2585516386,0.2762878829
FRBA,-0.3700127651,0.3676612082
HMHC,-0.6991998952,0.7712786568
KPTI,0.002087015583,-0.1941685524
LGIH,-0.3609341683,1.344408614
NMIH,-0.6500907498,0.9509030428
TNDM,0.07951693319,0.4868657125
AMC,-0.5593915858,-0.3291138267
ARMK,-0.5384045601,0.9489043418
CTT,-0.3612852247,0.3554375127
UUUU,-0.3821993034,2.610168582
HLT,-0.3837768281,0.6304229725
KIN,-0.5283022046,0.0774993821
XNCR,-0.1311418017,0.4601738562
OGS,-0.100462152,-0.06293370885
ESI,-0.2842468077,1.128491428
SC,-0.3994262417,0.624608572
CARA,-0.1800128206,0.1453450801
EIGR,-0.5436243097,0.8073533549
DRNA,-0.1661365066,0.1992380229
GLYC,-0.5689983366,0.649120821
ITCI,-0.5520258527,1.068967858
TACO,-0.5660978585,1.641400583
MBUU,-0.2969473459,1.168810412
RARE,0.04027140152,2.115684877
CNCE,-0.04173409984,0.4298626231
EGRX,-0.234353407,0.01239119191
FLXN,-0.6198063414,0.4663270063
INGN,-0.2439635829,-0.1351140086
RVNC,-0.08810890936,0.9148640252
VRNS,-0.1806720329,1.569659836
IBP,-0.4210828995,1.556556124
KN,-0.367375697,0.3774309243
LADR,-0.7184032379,1.218073787
GCI,-0.7680250095,1.270271384
ATEN,-0.09607029094,0.5877614194
BRG,-0.5242742066,1.400578129
OUT,-0.4832212831,0.4510384546
QUOT,-0.3407705548,0.4492306583
QTWO,-0.2715833032,1.142396775
TNET,-0.3347467656,1.140201325
APOG,-0.3556104255,0.5609188932
AKBA,0.1993672292,-0.6306072638
NLTX,-0.07629795771,0.2390166924
CVX,-0.3904117493,0.2177881541
GOOG,-0.130297449,0.5065922392
BLBD,-0.5231237699,0.6706289537
LE,-0.6821432721,3.039326732
PCTY,-0.2689952561,1.331410976
REPH,-0.5542826325,-0.6511624863
TWOU,-0.1154644051,0.8854847752
ALLY,-0.5250134441,1.541488422
CIO,-0.4559414151,0.4282758673
FPI,-0.09734536556,0.462938242
GRUB,-0.1626230743,0.8234748913
MC,-0.08496741864,0.7795391052
PAYC,-0.2370077537,1.238749703
AAPL,-0.1315975985,1.099543242
FIVN,0.1659040811,1.280929584
NAVI,-0.4342103682,0.3720864606
PAHC,-0.02174766782,-0.1821250326
PFIS,-0.2042553518,-0.04668515235
SABR,-0.7295007218,1.026980809
SPWH,-0.2328762575,1.849027056
ARES,-0.1221628607,0.5648990761
HRTG,-0.1871694436,-0.0385251956
DNOW,-0.5409257713,0.3914712164
ZEN,-0.1646872339,1.235902238
LPG,-0.4373389048,0.3995394788
AGRX,-0.2560000822,0.5430120717
BWFG,-0.4682713951,0.3149700328
CTRE,-0.2709642987,0.560274511
FMBH,-0.3265249788,0.4597929036
QTNT,-0.5846476127,0.3189853519
SFBS,-0.2172246938,0.3948619162
TBPH,-0.1073769941,-0.2310699636
TRUE,-0.4905264717,0.7355383965
RYAM,-0.7239583294,5.150940713
TMST,-0.5890582758,0.4458223567
CLNY,-0.6084208648,1.748570543
AMPH,-0.2306897234,0.3551214689
ARDX,-0.2425049745,0.1380830378
CBAY,-0.2448985128,2.878372986
GPRO,-0.3963134838,2.160302657
AMAT,-0.2466321842,0.9026453418
INFO,-0.2018157817,0.5072692349
RDUS,-0.3551582909,0.3738456135
ANET,-0.004178651883,0.4345573948
ASPN,-0.2087626098,1.718240897
CCS,-0.4694693923,2.017228535
VRTV,-0.6004064247,1.645041577
TSE,-0.5065245728,1.973079631
WMS,-0.2403889524,1.85305098
TREC,-0.167832823,0.1747895242
CTLT,-0.07726337364,1.003274649
PARR,-0.6944917893,0.969013414
SYF,-0.5498015312,1.221581051
TRUP,-0.3051254583,3.598924649
GLOB,-0.1713347963,1.476215552
OEC,-0.6031083661,1.297587251
ADVM,-0.1519090737,0.1095182499
TKR,-0.4220925941,1.429828919
CDNA,0.01205381203,2.318825853
HQY,-0.3169971542,0.3779394086
ISTR,-0.4679168934,0.318531795
FWONK,-0.4075924924,0.5644493437
LOCO,-0.4418756538,1.142008741
MRNS,-0.06018507143,0.5024611151
TR,0.05594609451,-0.1669019365
NERV,-0.1533051772,-0.6112958355
OCUL,0.2531631999,3.18181495
SAGE,-0.602160644,2.01218861
SPKE,-0.3063094927,0.6218069971
XENT,-0.5240962915,0.9324881665
RYI,-0.5502962732,1.563912625
LTRPA,-0.7551018485,1.411110496
VEC,-0.1921574327,0.2006768508
CFG,-0.531967567,0.9927526328
AFMD,-0.4233577141,2.683544449
BCLI,0.08411208019,-0.02478481819
CDK,-0.3972735583,0.593561093
KEYS,-0.1846444495,0.5785122471
AVNS,-0.2008900603,0.7036767735
KE,-0.377777778,0.4642863572
LBRDA,-0.1409758439,0.4727118519
BGSF,-0.6516437685,0.8360574989
BOOT,-0.7096336102,2.353440043
ENVA,-0.3977558538,0.7094534108
GWB,-0.4038961926,0.03262533364
HUBS,-0.1596853025,1.976501337
SNR,-0.64836621,1.119508841
W,-0.4086533131,3.225479884
BSIG,-0.3649703593,2.023544093
LBRDK,-0.1195229931,0.4303622473
ATRA,-0.4833026178,1.306698377
CALA,-0.2224170902,0.1058561344
PLAY,-0.6732037434,1.295105199
SIEN,-0.7774052386,0.9547756811
VBTX,-0.5170381026,0.8868250295
NVRO,-0.149395507,0.7313426824
PGRE,-0.3606324579,0.06346552515
STOR,-0.5040279091,0.9482377293
AXTA,-0.4319081219,0.6531570601
ADMA,-0.2800002099,-0.3229158107
CHRS,-0.09913927092,0.07151710658
FFWM,-0.4086202775,0.9828810785
FGEN,-0.1897876944,0.06734048215
FRPT,0.08089304394,1.223112073
MRO,-0.7562687999,1.037627793
AROW,-0.2558202152,0.1360694319
SYNH,-0.3372005298,0.7283114261
JYNT,-0.3277574304,1.420274213
EVFM,-0.137763476,-0.5469927726
PRAH,-0.2529014805,0.5105989107
TBK,-0.3161493935,0.8673066829
UPLD,-0.2489500235,0.7110351947
LC,-0.3779712568,0.3452216394
NEWR,-0.2963019631,0.4143593392
WK,-0.2311540365,1.833902454
CTSO,1.00779321,0.03104821157
JRVR,-0.113321331,0.382867628
UE,-0.5291973071,0.5209992166
BOX,-0.1632895949,0.2856126314
SHAK,-0.3664600626,1.246422388
VSTO,0.1764702639,1.699998391
FNWB,-0.3985580549,0.4527105505
DEA,0.04930554497,-0.04997806548
AJX,-0.4331397966,0.7393457946
NVTA,-0.1525104296,2.05852347
VMC,-0.2473405117,0.3839194156
XHR,-0.5106434717,0.4757301925
INOV,-0.1147724035,0.09063534312
RCKT,-0.3870825894,2.931183943
IOVA,0.08146702604,0.5500266165
ATEX,0.0569306099,-0.1767026777
NXRT,-0.4328340409,0.7188202752
ENSV,-0.3710213202,0.0646151356
SUM,-0.3723846548,0.3386665627
SEDG,-0.1389205482,2.897409119
UNIT,-0.2472591394,1.030256322
BPMC,-0.2700034933,0.9177477718
KALV,-0.5704661609,1.482356001
CRBP,-0.04029305952,-0.761450283
ETSY,-0.1322799527,3.628253214
VIRT,0.3186764806,0.2454242756
VKTX,-0.4164589059,0.2029907012
XBIT,-0.4310205605,0.4736335943
GDDY,-0.1591578352,0.4524583826
ASB,-0.4135211914,0.3843573276
NSA,-0.1097553751,0.2561281365
IGT,-0.5891787506,1.847056788
CWEN,-0.04823842679,0.7545424781
APLE,-0.4213462392,0.407850365
CHCT,-0.09903080627,0.2679454213
COLL,-0.2065112574,0.226576602
CABO,0.1060768721,0.3602268465
BLD,-0.3050056259,1.569512393
CC,-0.5014249031,1.912192436
ENR,-0.3934466843,0.4231332284
SPNE,-0.3197340042,1.135865632
KHC,-0.2175536841,0.4529962804
ALRM,-0.09448474649,1.658699272
APPF,0.009096003586,0.6227126992
LNTH,-0.3778641808,0.05720876408
MCRB,0.03478321449,5.862744682
PIRS,-0.3701664018,0.09648929422
WING,-0.07445183962,0.7331088408
EVH,-0.4000002099,1.95212119
GKOS,-0.4334487739,1.438755429
GNL,-0.3237945037,0.3871907974
FL,-0.4288102606,0.8702152621
ATRO,-0.6715564175,0.4411770858
TRU,-0.2260828383,0.5030829285
UNVR,-0.5577562881,0.7733189882
PYPL,-0.1149107066,1.446212722
LITE,-0.07061830157,0.2862967103
CHMA,-0.2641122721,0.1917796966
RBNC,-0.4907027938,0.6849208257
CYRX,0.03705955014,1.570591191
LOB,-0.3427488314,2.821673759
MCFT,-0.5365079302,2.40273734
NTRA,-0.1136829621,2.332886184
OLLI,-0.2904614158,0.7645662448
PVBC,-0.3076313933,0.4059895453
RILY,-0.2545676202,1.489211905
RPD,-0.2265258566,1.080775332
Z,-0.2159342234,2.603553026
CCR,-0.3509874886,-0.3175433385
TXN,-0.2152509272,0.6783292654
OOMA,-0.09826141686,0.2070429048
SRG,-0.7727040792,0.6114159631
TDOC,0.8515289241,0.2899826445
GNK,-0.3790013307,0.1575769639
HLI,0.07284712736,0.3107473096
PLNT,-0.3478842393,0.5940468593
GBT,-0.357276845,-0.1522815811
PRPL,-0.3478761596,4.799294487
RUN,-0.2686457168,5.869309465
FLOW,-0.4184564939,1.039409716
PJT,-0.03744754618,0.7385448798
CSWI,-0.1562930748,0.7354232094
DSKE,-0.5569623483,3.150002661
RGNX,-0.2096649903,0.4008650802
PEN,-0.01789642837,0.08473459929
LIVN,-0.400105789,0.4632023586
HPE,-0.3802022356,0.2639372491
ACBI,-0.3531335885,0.3411938857
EXTN,-0.386973277,-0.07916585996
FCPT,-0.3186786285,0.6476063413
EIX,-0.2649847635,0.1866145953
PFGC,-0.5198132165,0.9259694403
PSTG,-0.2811225164,0.838213213
ABTX,-0.356842809,0.4312191998
AVXL,0.2162167643,0.7142848911
CTMX,-0.07701626187,-0.1460222544
WSC,-0.4521363238,1.287263664
TWNK,-0.2668497921,0.3733582389
NVCR,-0.2009017913,1.569650073
SGRY,-0.5828807847,3.44257181
AC,-0.219387664,0.1602552702
SQ,-0.1627239816,3.155022576
AXSM,-0.4308236664,0.3848377858
DLTH,-0.6191835686,1.633414466
EQBK,-0.4412049979,0.2515951604
FGBI,-0.329811872,0.2754364979
KURA,-0.2763637338,2.282412627
MIME,-0.1862617584,0.6101989321
MTCH,-0.1957122017,1.366521844
RMR,-0.4041963862,0.4904153395
VYGR,-0.3440856408,-0.2185798553
WVE,0.1690580092,-0.160085519
AGR,-0.1356533833,0.06888387031
OSG,-0.01304400186,-0.05726937122
OCX,0.08888927855,-0.02449033764
SMBK,-0.3551775627,0.2042518596
TEAM,0.140601257,0.7038454566
WKHS,-0.4046050095,9.928170869
GCP,-0.2162036735,0.3286511842
WBT,-0.6713648174,1.573099875
EDIT,-0.330293382,2.535553787
NCBS,-0.2609337863,0.2156475183
SNDX,0.2494299156,1.027347596
VRAY,-0.407583296,0.527998574
UA,-0.5797705459,0.8461521326
BATRA,-0.3423266533,0.2753853706
BATRK,-0.3547732381,0.3053515767
LSXMA,-0.3444352931,0.3883370908
LSXMK,-0.3431654155,0.4019973427
AGLE,-0.3900524784,0.6888400811
CDXC,-0.243618965,0.4723912522
GWRS,-0.2202111777,0.4417183893
RRR,-0.6388311819,1.92865611
SCWX,-0.3091232158,0.2354481826
VBIV,-0.311593973,1.894734309
NGVT,-0.5971614413,1.15141801
MSBI,-0.38928085,0.07573968655
NTLA,-0.1663255068,3.448074792
PLSE,-0.4660700363,2.332403591
RETA,-0.2939395786,-0.1435498109
GMS,-0.4191280017,0.9376985251
SITE,-0.187865106,1.154712248
TPB,-0.2601401884,1.121254414
USFD,-0.5772257198,0.8808585544
FTV,-0.2767913152,0.4945031911
HONE,-0.3148311355,0.4558558579
SELB,0.01260491263,0.2572607024
SYRS,-0.1418232424,0.8296807671
ATKR,-0.4792387269,0.9511143896
AZZ,-0.3855095178,0.713876007
GMRE,-0.2199544069,0.3531603448
TWLO,-0.08943832048,2.78254202
TRTN,-0.3435318051,0.9544758078
KDMN,-0.07505569036,-0.009546342184
VRS,-0.3743762793,0.09718256957
KNSL,0.02899353179,0.9172282189
WTRH,2.819873757,1.260160128
PAVM,0.6499993693,0.07070678105
PI,-0.3538281232,1.505682814
TCMD,-0.4051253252,0.11902567
TPIC,-0.2015126349,2.571037958
ATOM,0.1363635359,3.597137336
FHB,-0.4208162032,0.4882195416
MEDP,-0.1270527642,0.896974578
PTGX,0.001418630449,1.855527551
HOME,-0.6327273343,6.65345502
ASIX,-0.522043808,1.095388436
DFIN,-0.4966568852,2.220110856
SMPL,-0.325158354,0.6282443229
CSTR,-0.4037960882,0.5114741516
EVBG,0.3621935756,0.4015591769
FLGT,-0.1658922246,3.842005488
NTNX,-0.4945614439,1.017084687
TRHC,0.07415761126,-0.180722258
TTD,-0.25706342,3.15025912
ELF,-0.3899568332,1.55995902
FBK,-0.5005181112,0.7787648526
VVV,-0.3850602949,0.7983090893
NTB,-0.5326655537,0.9215280151
ADNT,-0.5731768712,2.833515957
YUMC,-0.1095605159,0.3420498114
AA,-0.7136214519,2.741884166
BL,0.02036442045,1.535262738
COUP,-0.04458245299,1.425461999
FRTA,-0.4826994033,1.875411737
IRTC,0.194742337,1.915914653
LW,-0.3346065137,0.3937468676
GT,-0.6212842719,0.8745732971
GOLF,-0.2038465362,0.5966114016
ARCH,-0.590186545,0.5145349635
CWH,-0.6035816364,3.808085274
INSW,-0.195228136,-0.3085913799
GTYH,-0.2325975195,0.1460163055
MRKR,-0.3402779554,-0.2368428586
ATH,-0.4722517343,0.7381120683
CNDT,-0.6048385601,0.9591834566
HGV,-0.5414362535,0.9879535416
PK,-0.6768457722,1.168142045
BPOP,-0.397447022,0.6560763735
IIPR,0.01397091933,1.480568259
ORGO,-0.3284815576,1.331270278
ICHR,-0.4241056908,0.5733305891
PVAC,-0.8981875136,2.284784225
VREX,-0.2381753244,-0.2655224545
BOH,-0.414277564,0.431238497
JELD,-0.5843655967,1.606375283
UVV,-0.2141227366,0.159172368
NEX,-0.8253731142,1.940170352
REVG,-0.657330282,1.132564211
ANAB,-0.1304618037,0.5215833152
JNCE,-0.4558991473,0.4736840535
CLPR,-0.5023585763,0.4190740376
INVH,-0.2832257437,0.4124220666
LAUR,-0.4031802673,0.385349304
NBEV,-0.2362631899,0.8920850899
AYX,-0.04896628415,0.2797088749
HSY,-0.09367657193,0.1687840073
PUMP,-0.7777778162,1.956000375
ARD,-0.3871294378,0.4965621428
AKTS,-0.3287497443,1.277464951
BYSI,-0.1735487309,-0.04761972849
IMXI,-0.241694442,0.699890973
VRRM,-0.4896348684,0.8795528205
HLNE,-0.06736621799,0.4302447783
NODK,-0.2116274859,0.2109137197
SNDR,-0.1106783735,0.1826259861
OKTA,0.05972085384,1.079666675
YEXT,-0.2933418648,0.5426893064
HCC,-0.4959784611,1.027910875
CADE,-0.6342428875,1.555517486
CVNA,-0.4015213795,3.348157455
CLDR,-0.3233016579,0.7674712927
EEX,-0.7518182376,1.092662049
FND,-0.3684319653,1.893426421
WTTR,-0.6519397262,0.2693473544
PCSB,-0.3076307797,0.1493980921
KR,0.04488810897,0.07077572292
BTU,-0.6820179131,-0.1689644141
GDP,-0.5756966663,1.368544661
KREF,-0.2438780496,0.2868513113
CARS,-0.6481181672,1.627907293
WOW,-0.3584906133,1.241596642
APPN,0.05286621664,3.029075819
FMAO,-0.1353237932,-0.09135934395
GTHX,-0.583049342,0.6324872917
OVID,-0.281927371,-0.2248326605
SGH,-0.3595157233,0.5485619846
URGN,-0.4653873552,0.01008869702
VERI,-0.06425708624,11.21029652
VST,-0.2999125078,0.2582233284
AM,-0.7064399365,3.342269009
SOI,-0.6174998938,0.6234342847
BHVN,-0.3749084802,1.518660059
ATUS,-0.1847109989,0.6989688032
BY,-0.468574148,0.5001662475
GPMT,-0.7241567144,1.120273026
PLYM,-0.3727576831,0.4057083495
SAFE,0.5783123118,0.155268591
MGY,-0.6820352276,0.7649989546
ATNX,-0.4931237535,0.428942322
BOMN,-0.1392590124,0.5267797763
ESQ,-0.4227081117,0.2750817374
MRSN,0.01745138504,3.564326854
NESR,-0.4429817284,0.9547276035
SSTI,0.07764693125,0.3719066477
JBGS,-0.2020566086,0.0124282138
TRTX,-0.7079431843,1.201257569
BHF,-0.3838899109,0.4979316367
CLXT,-0.5249640433,0.2672672364
CODX,7.512067301,0.2204735905
KALA,1.382114081,-0.2286691788
PETQ,-0.07265504914,0.6551871372
RBB,-0.3473033823,0.139450776
RDFN,-0.2705767891,3.450714783
TYME,-0.2142855,0.1090891721
DD,-0.4651328571,1.119413519
BPRN,-0.2589624073,0.02121837216
ASPU,-0.001249418516,0.3929903781
ACEL,-0.4000007358,0.3466664502
DMTK,-0.09274112149,1.883551982
MBIO,-0.3431375385,0.4123136459
FLMN,-0.6851763861,0.5378911983
BKI,-0.09956614706,0.5217013873
HBB,-0.4982312883,0.8760947763
HFFG,-0.5697439327,-0.1036941065
DCPH,-0.338527999,0.3862060671
KRYS,-0.2192128499,0.3876043927
ROKU,-0.3466767065,2.795384659
MAXR,-0.3178042623,2.617698153
PQG,-0.3655405301,0.4733941415
SPCE,0.279652948,0.6055482853
FOR,-0.5035968754,0.9497580771
SWCH,-0.0243324515,0.1430981919
CARG,-0.4616254876,0.6752941043
MDB,0.03745920366,1.629560084
EYE,-0.4011722683,1.332131519
CATC,-0.3461948727,0.3773976076
FDBC,-0.1752168858,0.2852080707
KIDS,-0.1564168704,0.04061335361
MBIN,-0.2257738693,0.8407687815
OPTN,-0.5130150407,-0.07795136191
PDLB,-0.3013607724,0.02336980281
RYTM,-0.3371083851,0.9533506099
CVS,-0.1954850415,0.1801866979
ALTR,-0.2620446581,1.19547063
AQUA,-0.4084434764,1.406782911
CNNE,-0.09948839569,0.3218858564
SAIL,-0.3550843321,2.4980305
SFIX,-0.5050660479,3.623619775
CEIX,-0.7456927931,0.9539281397
FNKO,-0.7674828589,1.601501558
SPRO,-0.1596465195,1.399752031
ESTE,-0.7219589851,2.028404614
MCB,-0.4416337941,0.3468259006
APLS,-0.1250813889,1.135126556
XFOR,-0.06542006196,-0.3570006315
BAND,0.05058466923,1.283694968
CBTX,-0.4257714147,0.456922184
SBT,-0.4683772221,0.05581392685
DNLI,0.005165871181,3.783554989
NMRK,-0.6767002392,0.7256654665
LILAK,-0.4727645807,0.1392449175
LILA,-0.4549226669,0.1142651732
AMEH,-0.2982073455,0.4140871361
CASA,-0.1442546184,0.7628566183
GIS,-0.005504367954,0.1418527846
LBC,-0.2002988597,0.08765642287
MVBF,-0.4857524491,0.8095014048
ODT,-0.1491521475,-0.3045998565
QTRX,-0.2225981699,1.531298963
CURO,-0.5622669552,1.762945477
LXFR,-0.2301020095,0.1953886787
VVNT,0.2192519931,0.6547053776
LBRT,-0.7535968381,2.832718379
ILPT,-0.2063835204,0.3960037364
ADT,-0.4508195501,0.8410925964
COLD,-0.02310357799,0.1157167202
GTES,-0.4636628367,0.7289954785
AVYA,-0.4007408497,1.367118435
AGS,-0.7815331291,1.716980416
CUE,-0.1061413688,-0.1183927276
SLDB,-0.4629214515,2.17154227
WHD,-0.6608903835,1.276012133
CLNC,-0.68811214,0.9035556214
VICI,-0.3370835765,0.5973986374
PACK,-0.2319026046,1.146963854
CDLX,-0.443843223,3.08380669
EOLS,-0.6589973935,-0.1903624061
LIVX,0.02265366431,1.075948689
ZS,0.3088177115,2.281468891
DBX,0.01060847076,0.2259662622
RFL,-0.2819509423,0.8204514197
BTAI,0.5297744584,1.067115865
BWB,-0.2924526145,0.2810229604
TH,-0.6019996348,-0.2060303136
FIXX,-0.2492751717,-0.273488191
OPBK,-0.274926793,0.06566422789
RCUS,0.3742574571,0.8703186719
ZUO,-0.4382416421,0.7304352222
SPGI,-0.100284656,0.3492701807
EAF,-0.2939259775,0.3183690538
NVT,-0.3358652942,0.4205800583
BH,-0.505000056,0.9696961304
BFST,-0.4562344323,0.5372402386
CLBK,-0.1499407792,0.08055412733
AHCO,0.45719489,1.34750203
DOCU,0.2467950614,1.405840917
GSHD,0.05259367395,1.826692753
LASR,-0.4827418519,2.112486508
LEVL,-0.2825912407,0.133653582
CDAY,-0.2623749287,1.128219386
SMAR,-0.07591302494,0.6692383062
CCK,-0.1998901105,0.7263958387
WRB,-0.2434154978,0.2806263391
KMB,-0.06259597096,0.07860382892
SPOT,-0.1879635668,1.591076433
EQH,-0.4108153812,0.8130839978
CPLG,-0.61423213,0.755102264
EVOP,-0.4206734216,0.7653598448
WH,-0.4932336949,0.8954664371
GSKY,-0.5707860725,0.2120411044
FCBP,-0.4371043098,0.2931659616
INSP,-0.1877110788,2.120271215
BCML,-0.4700968233,0.2589211029
ROAD,0.001185324605,0.7235050275
STXB,-0.5504342078,0.6337064415
EVLO,-0.07512309502,2.219708818
EXPI,-0.2533102045,6.460988631
KNSA,0.3996388716,0.1414711921
OBNK,-0.4632145155,0.3881999827
SRRK,-0.08118347493,3.007434256
UBX,-0.1955618776,-0.09655089776
AVLR,0.01842988975,1.210323189
RVI,-0.6671193345,0.3085724808
BJ,0.1200526728,0.4636832898
BV,-0.3443981625,0.3670875286
AVRO,-0.2270242591,-0.1041119721
DOMO,-0.5423577788,5.415497985
EVER,-0.2358082682,0.422854261
IIIV,-0.3242482255,0.7391301576
KZR,0.08728190088,0.1972476966
LOVE,-0.636760111,6.39108273
MGTA,-0.5857517537,0.2484107775
MGTX,-0.3286716346,0.1264894441
OPRX,-0.117819269,2.439290168
TBIO,0.2248151357,0.8485446557
TCDA,-0.4170642411,-0.6795450809
VRCA,-0.3121462014,0.05306484845
XERS,-0.7234040416,1.523076606
EPRT,-0.464328675,0.688029441
UGI,-0.4022365278,0.3503179485
KDP,-0.1572494679,0.3399049734
TENB,-0.08764586566,1.390668431
RUBY,-0.5315784331,0.7056168722
ALLK,-0.533451982,2.146771595
BE,-0.2998667024,4.479927383
FOCS,-0.2192058548,0.8904818339
AFIN,-0.5141188892,0.2608699959
BRY,-0.7317075243,0.5269705479
CNST,-0.3328376881,-0.08367829692
CRNX,-0.4141086857,-0.04013702822
LQDA,0.1017537007,-0.3736725474
PRVB,-0.3825501429,0.8413042843
REPL,-0.3052260821,2.826485467
RPAY,-0.02047733822,0.8989534562
SONO,-0.4571065004,1.758256577
CWK,-0.4256356832,0.2632026889
ARLO,-0.422802372,2.205763626
AMAL,-0.4409217225,0.2957066173
AMTB,-0.293712507,-0.01234467996
MESA,-0.6319909395,1.033432675
PCB,-0.4297948886,0.06584582536
PAYS,-0.4916258583,-0.1007756495
ELAN,-0.2397289488,0.3698091759
EB,-0.6380762614,1.479451145
FTDR,-0.2665542606,0.4436447866
CW,-0.3428911303,0.2656249417
SVMK,-0.2439844904,0.8911900195
ARVN,-0.01922572599,1.10744576
BSGM,-0.2922300072,-0.06921112616
FVCB,-0.2375502876,0.1036050482
GRTS,-0.3511708179,-0.3230238698
STRO,-0.07272785733,1.128433745
YMAB,-0.1647999859,0.8969320938
UPWK,-0.3955012972,4.351934529
GH,-0.1092908557,0.8517241063
ESTC,-0.1320374945,1.618349686
ALLO,-0.2517317987,0.2983516268
LTHM,-0.3859650122,2.588572068
PLAN,-0.4225190396,1.374419856
REZI,-0.5942997308,3.392561073
LIN,-0.1828887357,0.5418962871
ACA,-0.1069485353,0.3872282061
YETI,-0.4387584803,2.507686403
ETRN,-0.5995051677,0.6821649639
PG,-0.1140243722,0.2884610239
SWI,-0.1552561502,-0.04594667695
AXNX,-0.08300335692,0.9645783628
BFC,-0.1972572483,0.1688413736
KOD,-0.337039219,2.079874782
SIBN,-0.4441868274,1.502092181
STNE,-0.4542489178,2.854848015
TWST,0.4561905406,3.620337611
VAPO,0.5485195605,0.4264493762
DELL,-0.230395341,0.8530973616
MRNA,0.5311866978,2.488151874
CVET,-0.3833337009,2.53071235
ALEC,0.4004636259,-0.3729796647
GOSS,-0.3506076404,-0.04729131004
HARP,-0.2170390457,0.4343696682
SO,-0.1413478092,0.1738675845
TCRR,-0.4579836315,2.996123877
ZYXI,0.4066072646,0.2158998794
FOXA,-0.3563532679,0.242517965
FOX,-0.3651101411,0.2726164792
OSW,-0.7582651431,1.512883562
DSSI,-0.2945037348,-0.4360711096
CYCN,-0.02573542451,0.1547152699
DOW,-0.4564860811,0.9884038274
LYFT,-0.3758715138,0.8297947781
SWAV,-0.2445349656,2.125973623
DTIL,-0.5658751346,0.3830829302
CARE,-0.6097789545,0.1677568686
WTRE,-0.4177271452,1.36176961
TW,-0.09148428287,0.4913648684
PD,-0.2612228347,1.413193085
ZM,1.147560176,1.308510778
PINS,-0.1716732825,3.26813815
MNRL,-0.5965481302,0.4140376527
CAT,-0.208084686,0.6052053704
MNSB,-0.2713042754,0.008949309246
NGM,-0.333153185,1.457017101
PLMR,0.1519111424,0.5275111229
SILK,-0.2204060527,1.000636817
TPTX,-0.2830311345,1.728389595
BYND,-0.1190476603,0.8768774149
PSN,-0.2257750224,0.139238785
UBER,-0.06119743691,0.8266453819
KTB,-0.530126128,1.136671913
AVTR,-0.3118456531,1.253802765
FSLY,-0.05430941251,3.603262501
CTVA,-0.2006086791,0.6686804985
APLT,0.1983137065,-0.3267047522
CRTX,-0.1875664909,-0.3909227086
BCO,-0.4249035049,0.3962697742
FRAF,-0.28365309,0.01806386476
IDYA,-0.4506673688,2.398058555
NXTC,-0.3419131687,-0.7059620476
RRBI,-0.3349978361,0.3365687792
SPFI,-0.2567623564,0.2332714549
TMDX,-0.3645452344,0.6473520574
AMCR,-0.2403140656,0.4964485769
CRWD,0.1165039501,2.804239218
CL,-0.03040685498,0.3113101682
WORK,0.1939498347,0.5737707769
GO,0.05824310683,0.1429800612
IAA,-0.3633654938,1.168889261
ADPT,-0.07152404272,1.12850875
BBIO,-0.1726105206,1.452066315
CHNG,-0.3904824163,0.8668663818
AKRO,-0.0448303766,0.2169813179
BCEL,0.06981344438,-0.02416675301
CMBM,-0.3592677905,3.47856602
IMVT,-0.01921930305,1.967556588
KRTX,-0.04433290721,0.4109724211
MORF,-0.1445214555,1.285424634
PSNL,-0.2596322086,3.536554495
REAL,-0.628116949,1.787443147
STOK,-0.1913839985,1.704368606
AMK,-0.29738156,0.1868551233
MDLA,-0.3558336554,0.6576868182
HCAT,-0.2463973324,0.6646283823
PHR,-0.2105854796,1.580121917
PROS,-0.3955362738,0.3158993858
NOVA,-0.09767022347,3.481630466
CSTL,-0.1326740829,1.252599616
FULC,-0.2824518313,-0.01926311243
IHRT,-0.56745518,0.7756479014
RMBI,-0.3609019457,0.3564774434
XPEL,-0.31604028,4.145705535
DT,-0.05770744136,0.8150180936
CFB,-0.4174759174,0.2797636092
VMD,-0.2322582016,0.6302502729
TXG,-0.1826887216,1.27214337
NET,0.3763177246,2.236373838
NVST,-0.4959519952,1.2576954
DDOG,-0.04764470898,1.735966762
PING,-0.1761313988,0.4305706171
PNTG,-0.5718170549,3.100286661
CRNC,-0.3194867771,5.524683501
PTON,-0.06513978883,4.714508863
ALRS,-0.2704589215,0.6913538336
IGMS,0.471435978,0.5723944328
OPRT,-0.5567226242,0.8360192706
SWTX,-0.2985187526,1.685925876
BRBR,-0.1991543978,0.425806968
PGNY,-0.2280509443,1.000473151
BRC,-0.2087448543,0.1887017178
APRE,-0.2425367029,-0.8584577976
BRP,-0.3426789753,1.840758252
FREQ,0.01597210293,0.9797830737
HBT,-0.4401240534,0.4899559293
MCBS,-0.3249369253,0.2574478409
OYST,0.4320784022,-0.4622857907
PHAT,-0.1708421791,0.2866001042
RAPT,-0.229626855,-0.07146433533
RLMD,-0.1253851879,-0.05980726124
VIR,1.72524787,-0.2185593474
BRMK,-0.3958780166,0.4357580638
SI,-0.4003774293,6.789315359
ETNB,-0.03955854534,-0.03485165244
SITM,-0.1462741348,4.141488457
BILL,-0.1011828839,2.99123123
GRWG,-0.07073150848,9.556429482
SPT,-0.005606840501,1.845238863
FMC,-0.1772186968,0.4249156489
DE,-0.1981996551,0.9690535566
BMY,-0.1254326705,0.147370796
WBA,-0.216291852,-0.09721621024
BA,-0.5387584787,0.4352958095
IVZ,-0.484122545,1.005642006
VVI,-0.6840001582,0.7037211351
WEN,-0.3257727811,0.4848195199
MTZ,-0.4898697658,1.083101556
SNV,-0.5436231044,0.9216128794
RAMP,-0.3151647122,1.223268926
CR,-0.4270524341,0.6133004592
CVBF,-0.06284740149,0.01019407153
JEF,-0.355449883,0.8456338352
ABT,-0.08777345918,0.4027238178
CACI,-0.1553665329,0.1808206054
CALM,0.02877234498,-0.1464304673
CRS,-0.606305267,0.5378310091
CAMP,-0.5302720394,1.204443405
CWT,-0.01972498346,0.08829268399
AJRD,-0.08388155632,0.2634481006
AAL,-0.5727340919,0.2936815117
GCO,-0.7216194934,1.255619197
FOE,-0.3688465314,0.5630342084
LMT,-0.1238655796,0.06779680772
WRK,-0.3322019605,0.5689470081
NEM,0.0453391067,0.3421516208
CAH,-0.04268341991,0.1496380265
IP,-0.3146220868,0.6611506888
CASY,-0.1650200173,0.3563116139
EXC,-0.1854225861,0.1813270318
CNP,-0.4263067159,0.4322262473
IDA,-0.1722973528,0.1186328221
PFE,-0.158420743,0.2149319704
EMR,-0.370290597,0.7239934092
JNJ,-0.09469880081,0.2247784577
GLW,-0.2878942937,0.7920658631
PPG,-0.370678381,0.7479582984
PPL,-0.3005850981,0.1960299359
MMM,-0.2186000034,0.3152056614
MRK,-0.1473343625,0.08801093759
MSI,-0.1711558008,0.2958906121
CMD,-0.4928362287,1.196654682
FE,-0.168293108,-0.2070454721
CPK,-0.101377752,0.2809370614
CMS,-0.05878081047,0.05970792498
EAT,-0.7049996545,3.710243759
CHD,-0.08442436343,0.3706453287
CINF,-0.2767475771,0.1859210019
WEC,-0.03790809095,0.06557579164
TXT,-0.401569332,0.8150045813
CTAS,-0.3562513679,1.060684924
PEG,-0.2311599826,0.3339099225
CIA,-0.03407451362,-0.1211655579
HAL,-0.7127093723,1.785649646
MDU,-0.2693542133,0.258048238
XEL,-0.04347107756,0.1274067122
ETR,-0.2093694901,0.09167419439
EVRG,-0.1464894787,0.03616659858
AEP,-0.1471042158,0.06823744924
NEE,-0.0008562620342,0.3026314793
ALE,-0.2457420819,0.05475732265
ASH,-0.3432320228,0.6000219908
EQT,-0.3480609564,0.7977372857
OGE,-0.3031314214,0.07577106265
CDE,-0.6027225931,2.224300284
PBI,-0.4863956379,2.13868199
COHR,-0.3603247783,0.4098302423
NOC,-0.1168876122,0.02068337781
AVA,-0.1088593698,-0.02531640641
AEE,-0.04524682323,0.09327456814
CMA,-0.5816028239,0.9963262839
CBSH,-0.254930724,0.3883409959
OKE,-0.7081748131,0.9359812535
HSC,-0.6970878825,1.579628384
CPB,-0.0592095161,0.07019159489
WHR,-0.4129649242,1.15241877
JCS,-0.2739057682,0.02870454491
CAR,-0.5688579344,1.683451607
LHX,-0.08540919734,0.06463823491
NFG,-0.1894069298,0.1390954478
F,-0.4718128236,0.8198766783
DOV,-0.2682601152,0.5246008608
CMTL,-0.6242331584,0.5856880118
DIS,-0.3320896839,0.8755674957
BH,-0.5507773438,1.163424704
SJI,-0.2330201913,-0.1020426486
CTO,-0.2452404147,0.2180986523
L,-0.3355357937,0.2991869451
K,-0.1243493026,0.06421186235
CSL,-0.2232390349,0.2614245408
CLF,-0.5257432576,2.736571667
CTB,-0.4293911885,1.508995731
CUZ,-0.2845291316,0.1915050763
CBRL,-0.4540954436,0.6006067485
R,-0.505998026,1.429301059
AVT,-0.4036292059,0.4292894227
HPQ,-0.1466564071,0.455449339
BAX,-0.02650079898,-0.003064643841
CFR,-0.4242656097,0.607964259
DUK,-0.1041163488,0.1703507377
XRX,-0.4795225416,0.2745823166
PNW,-0.1504827448,0.08646439179
NC,-0.3997653906,-0.03738770726
APD,-0.1448574182,0.3893382788
MUR,-0.7682347919,1.037699545
VNO,-0.4500247579,0.08004699894
HES,-0.4978290041,0.6102554383
CTS,-0.1692764702,0.3861447584
ALK,-0.5766560265,0.8264827962
NBR,-0.8610760369,1.985388095
ARW,-0.3878923825,0.8758422032
AIT,-0.3107207896,0.7313810474
COHU,-0.4566174025,2.084005452
CMC,-0.2868337638,0.3258820986
OMC,-0.3143662226,0.1768223743
FLS,-0.5159737214,0.5731799348
EML,-0.3585251536,0.2556266639
HL,-0.4623895755,2.571128457
HEI,-0.3459590304,0.7759838062
HP,-0.6488841471,0.572383709
HFC,-0.5116405017,0.09823685137
HRL,0.03900336585,0.01372733595
HUBB,-0.218483461,0.3936847779
ATO,-0.1079692233,-0.02100283783
ENZ,-0.03802230154,-0.003952563742
ESCA,-0.3819932706,2.653679593
BOOM,-0.4852017988,0.8796181811
MAS,-0.277594951,0.6021162407
FARM,-0.5378481588,-0.3290228541
NPK,-0.137722827,0.2488358731
NR,-0.85693758,1.140471402
FITB,-0.5081329469,0.9231069788
NUE,-0.3528337315,0.5158667755
OXY,-0.6998302436,0.4979935057
OXM,-0.5166621356,0.8391327719
RF,-0.4682396415,0.8644019684
PKE,-0.1689642671,0.09207853321
CLGX,-0.2979983377,1.566519105
TRMK,-0.3190602937,0.2061011171
MTB,-0.3859178511,0.2687125118
FFBC,-0.4073711711,0.2335455087
FMBI,-0.4199906692,0.2420982224
ROG,-0.2430054747,0.6446727228
ROL,0.09336023305,0.6330465474
SEB,-0.3378145252,0.08006193141
SRCE,-0.3705924393,0.2723914299
FHN,-0.5042268157,0.6517216907
SHW,-0.2104886532,0.6089868114
SCL,-0.1337856899,0.3594640385
FSTR,-0.3622292626,0.2176377143
FELE,-0.1753077706,0.4802107652
BEN,-0.3471900016,0.5538479471
FUL,-0.4565313039,0.8791162766
WEYS,-0.2283557524,-0.1831789963
AJG,-0.1393459495,0.536804365
WMB,-0.3865927688,0.5056634266
SPB,-0.4298731713,1.220152119
GNTX,-0.2323807964,0.5522610711
WFC,-0.4598827091,0.08020241647
NI,-0.09611874803,-0.05711627965
SKY,-0.5053624285,0.9732139649
SMP,-0.2144638728,-0.02144567328
APA,-0.8351665979,2.41702614
MAT,-0.3498160152,0.9807044155
GGG,-0.05979897029,0.4996555299
BDX,-0.1522593097,0.09994392128
B,-0.322875413,0.2261071317
GTN,-0.4021133489,0.4065740381
WY,-0.4274837558,0.9881986502
DXC,-0.6472465125,0.973180282
IFF,-0.2029914236,0.08713437752
DBD,-0.6666672726,2.028407919
TJX,-0.2139885071,0.4283613623
CMI,-0.2373011296,0.7118524228
HE,-0.07422906871,-0.1554470117
AMOT,-0.5107216556,1.161024614
HVT,-0.4002975522,1.564618194
HWKN,-0.217823583,0.4911224939
HCSG,-0.009673094968,0.207165357
PH,-0.3666905404,1.126079958
HELE,-0.1988988286,0.5426663447
IIN,-0.346111028,0.5378088429
WMK,0.03745860165,0.1687459811
PKI,-0.2241297798,0.9098438679
WWW,-0.5465321822,1.079179386
HNI,-0.321302551,0.4093323897
NEU,-0.2091385437,0.056025037
SJM,0.07508322466,0.06546385284
MDP,-0.6151544832,0.5711955472
JBHT,-0.2080133435,0.4907855349
HBAN,-0.4456235128,0.6083663401
HURC,-0.2380083645,0.0402331047
ATI,-0.5885765919,0.9729404106
SWK,-0.3924818953,0.8090748701
MCD,-0.1578643956,0.3218804787
SXI,-0.3800884294,0.5990795221
VFC,-0.4525379178,0.611838514
IHC,-0.3925852975,0.6242742871
KMT,-0.4916250182,0.9851195972
ES,-0.07396836697,0.1285431822
TFX,-0.2212377259,0.4091318476
AVY,-0.2168626739,0.5434521179
ADP,-0.1930205428,0.3123732395
TILE,-0.5403859399,0.3941942913
CVM,0.261203157,0.01039802623
DIOD,-0.279138113,0.7349588457
IDCC,-0.1757617242,0.3844392913
JCI,-0.3313685699,0.7621417323
IVC,-0.1749355233,0.2065784197
MMC,-0.2207905848,0.3711075065
SWKS,-0.2573417528,0.7288263101
WSO,-0.1317650242,0.4981034267
SFE,-0.494535505,0.1495499438
GFF,-0.3750844183,0.6300739689
CLX,0.1359741998,0.1840508825
GPC,-0.3587492597,0.5295913254
CBT,-0.4451902449,0.7662705424
HST,-0.3940697723,0.3251805879
KLAC,-0.1887808787,0.8243723956
RAD,-0.03038076782,0.05533231324
KAMN,-0.413380485,0.5051034525
KELYA,-0.4354599496,0.6209617398
NYT,-0.04389245624,0.6936346375
EBF,-0.1232071783,-0.01112989311
CNA,-0.2678139259,0.2989088291
CBB,0.3982812069,0.04371511362
FSS,-0.1516286884,0.2254352723
KBAL,-0.4194487447,0.0274843099
ABM,-0.35401698,0.5776655634
SGC,-0.3699863525,1.783532615
JPM,-0.3497694497,0.4511522317
TGNA,-0.3451174344,0.3068281629
LZB,-0.3427577691,0.9498073111
LRCX,-0.1752740972,0.9879838871
MCO,-0.107057883,0.3805137462
LANC,-0.09219206868,0.2862199348
HUM,-0.1415343239,0.3125892326
UNP,-0.2151330495,0.4993266062
LAWS,-0.4871399105,0.9053143454
LNC,-0.5506992443,0.9760420432
TGT,-0.270215838,0.924877882
ALX,-0.153024883,0.05764560255
HRB,-0.3892676871,0.1843373874
DDS,-0.4951008834,0.7274358804
BK,-0.3261841933,0.293048413
DHR,-0.09701533218,0.6092204522
PCH,-0.2653109725,0.638884561
RRC,-0.5298966745,1.93859609
LEE,-0.3077465484,0.281791551
TPC,-0.4774499806,0.9270823962
TDW,-0.6327803339,0.2203375449
MGEE,-0.1652688342,0.08715230951
LLY,0.06166031526,0.2353618033
SMTC,-0.2911154172,0.9224027187
WGO,-0.4740310988,1.169278603
MTW,-0.5142857051,0.5658818914
TER,-0.2042502035,1.221320045
MCS,-0.6097455431,0.09415524348
SCI,-0.1462088605,0.2726707671
MLP,-0.02844376349,0.05489548275
SYY,-0.4636428799,0.6678824995
MKC,-0.1680310561,0.3732392577
RHI,-0.3981853469,0.6857218824
GENC,-0.1002568458,0.1714295671
J,-0.1157428039,0.3834801334
THC,-0.62135168,1.772915103
WRE,-0.1716934197,-0.05498197514
EFX,-0.1447333765,0.6260401918
GWW,-0.2621137034,0.6638368621
LEN,-0.3139997357,1.011120692
HRC,-0.1119520708,-0.01942452757
MCY,-0.1514464031,0.33783408
HAS,-0.3179853711,0.3429304005
IPG,-0.2907666574,0.5126856411
MLAB,-0.09285756113,0.2701534859
BMI,-0.1721645175,0.7687136873
MEI,-0.3260797106,0.4645488309
GHC,-0.4645396983,0.5809142078
SIEB,-0.1653176088,-0.418282598
GRC,-0.1639612437,0.05433191673
MU,-0.2179251066,0.787446621
MSEX,-0.0501951496,0.2196428197
MLHR,-0.4637185243,0.5305318294
PHM,-0.4216495021,0.9500477305
SJW,-0.1827727043,0.2188305527
MSA,-0.1963491134,0.4908576435
AIR,-0.6038491722,1.039410302
MOD,-0.5779220964,2.864616449
TRN,-0.2677109711,0.691384222
MNR,-0.1578548384,0.4901169555
SPXC,-0.3584905304,0.6709583674
PNM,-0.2463919,0.3038316056
MTRN,-0.4096723533,0.8314843352
WMT,-0.03938093851,0.2839739214
NSSC,-0.4838380014,0.7284084338
LPX,-0.4180135304,1.195691598
CAG,-0.1375764711,0.2604002123
ITW,-0.2028622016,0.4599785796
NWLI,-0.4086913063,0.2025526734
BRT,-0.383028529,0.5636440179
NATR,-0.08958536262,0.8388675556
TRC,-0.1201502477,0.02773799051
GLT,-0.3270421793,0.3880688171
BLL,0.001974284735,0.4490648519
NKE,-0.1810606829,0.7211538267
VSH,-0.3186945276,0.4616355004
NDSN,-0.1683655425,0.4967670828
JWN,-0.6161736735,1.034547317
AFL,-0.348511274,0.3272392045
VXRT,4.049931084,2.225994725
NTRS,-0.2831328964,0.2658083306
TEX,-0.5137674836,1.429661767
NWN,-0.1570352503,-0.2348853616
FRT,-0.4122584796,0.1861829199
GPX,-0.5079361853,0.8218125281
LUV,-0.3369766877,0.3089018301
RBC,-0.261184433,0.9686670595
LNT,-0.1118578322,0.09048139712
NEWT,-0.3973504496,0.6208366046
OII,-0.8028172573,1.704079669
GPS,-0.5962636019,1.953545104
KEX,-0.5144649442,0.1923162897
AXP,-0.310037733,0.4322472972
ODC,-0.06993835335,0.04175648703
TAP,-0.2656772929,0.1584199225
UDR,-0.2119652071,0.08474669243
INTC,-0.0903645871,-0.06227616325
ORI,-0.3088959646,0.3418974466
BAC,-0.3921070091,0.4578731594
TRV,-0.2685647378,0.4432835546
SXT,-0.3364352808,0.731690293
VIRC,-0.5047171528,0.2047622675
OLP,-0.4711295844,0.5527978934
LDL,-0.6851855092,3.648600462
MDT,-0.2003523522,0.3209788002
OTTR,-0.1265665105,-0.01507299946
OMI,0.7703094775,1.957823764
SNA,-0.3528220887,0.6085079645
PNC,-0.3957213777,0.6067153926
GHM,-0.4065087152,0.2051857014
PCAR,-0.2234835453,0.4396347938
TTC,-0.1798666364,0.4709672754
FDX,-0.1937707649,1.161904888
AFG,-0.358231792,0.3056998353
ADI,-0.2413350771,0.6726783548
LEG,-0.4672439154,0.7109413586
NWL,-0.298754137,0.6678704722
PAR,-0.5816525219,3.882582689
SWX,-0.07666042551,-0.1042444055
AMD,-0.00828590772,1.016490909
PKOH,-0.4342776142,0.6387273036
DCI,-0.3264502513,0.4646164298
LOW,-0.2780797716,0.8891728448
PATK,-0.4581339183,1.460627575
BIO,-0.05520262141,0.665704886
HXL,-0.4913682127,0.3038453934
PAYX,-0.2549403793,0.5178650194
AON,-0.2060604234,0.2893424889
DLX,-0.4758893926,0.1660716404
BKH,-0.1787056606,-0.0136610942
RAVN,-0.3813695494,0.5771729168
TMO,-0.1263584601,0.6449780193
CSX,-0.2052031856,0.5995294
BXMT,-0.4830737927,0.5944885617
GL,-0.3150673804,0.3286250736
PDCE,-0.7627052977,2.305954108
GTY,-0.2665042358,0.2081065172
WST,0.01381184062,0.8646511346
AGYS,-0.3427792755,1.298203703
DCO,-0.508212757,1.160963042
BRO,-0.08076036174,0.3168145983
NRT,-0.5454726809,0.1787354262
POWL,-0.4719405627,0.1830051383
SWN,-0.3016528477,0.7633142606
TDS,-0.3342506863,0.1380956393
CI,-0.1333569519,0.174963095
CHE,-0.01303945931,0.2319842287
LB,-0.3531939017,2.217126267
NSC,-0.2440497647,0.6497993656
PGR,0.04973821933,0.3437886621
NJR,-0.2308162379,0.07953382463
PSA,-0.05799130872,0.1956656015
PCYO,-0.1143769681,0.00717645061
AGX,-0.1336514687,0.3790514152
STZ,-0.2091280315,0.4911538911
KWR,-0.2306526538,1.019815405
D,-0.1178704198,0.07523906483
NXGN,-0.3503420733,0.7471256059
KEY,-0.4785079127,0.6501207898
RLI,-0.02042179471,0.2065356845
UNF,-0.2507181146,0.4065541178
RPM,-0.2209467615,0.5476677392
MYE,-0.347421902,0.9836689976
AOS,-0.2018782092,0.4727312295
COO,-0.1419160101,0.3180950006
USLM,-0.1805458626,0.55192637
TISI,-0.5929868037,0.6769230267
VZ,-0.1158644352,0.1292577464
T,-0.2437836398,0.04075142006
USB,-0.411874195,0.3963205143
HD,-0.1381528176,0.4470087241
MDC,-0.3869329451,1.148918945
SLM,-0.1896745921,0.7412028178
WSO,-0.1147163816,0.4718567511
WDC,-0.3392519597,0.3452912171
RES,-0.6068702305,0.5291243347
AIG,-0.5213327244,0.6090783893
ITI,-0.3587176595,0.7656262115
UTL,-0.1480391867,-0.1318037426
BIG,-0.4944289498,2.082398786
PEAK,-0.3000024929,0.3204746157
RGLD,-0.2807934559,0.2207047836
CMO,-0.4507574877,0.496729463
WRI,-0.5254482131,0.5752318142
SEIC,-0.2923026865,0.2561116119
SIGI,-0.2344699457,0.3642954993
WTM,-0.1833328077,0.09962662873
REX,-0.4325275487,0.5796602695
MS,-0.3304443501,1.062928038
SBCF,-0.4010468617,0.6084101105
RJF,-0.2894028941,0.5296428314
STZ,-0.2411927602,0.5464602636
HOG,-0.4807746751,0.9431791493
KBH,-0.4703832049,0.8695834881
BDN,-0.3239383022,0.1970160795
TOL,-0.5115731551,1.280976489
C,-0.4691615731,0.5129882127
ECL,-0.1901129838,0.3980843185
EQC,-0.03411422181,-0.02663350625
UNM,-0.479756598,0.6044509664
SON,-0.2423290852,0.3090017443
Y,-0.2904308276,0.09294921215
AWR,-0.05279909238,-0.01491476777
TFC,-0.4470736622,0.6068317138
INS,-0.1489732445,0.1800532412
STAA,-0.08274136192,1.45567517
NHC,-0.1640626704,-0.05141825296
STT,-0.3199746119,0.39942647
UHT,-0.1351826181,-0.342107113
STC,-0.3388089317,0.8539900326
SF,-0.3172478015,0.8508068447
SYK,-0.2042248407,0.484378891
RGR,0.08632809923,0.3962759444
SSY,-0.3642984403,0.8670997536
VOXX,-0.3493150058,3.47719067
BKR,-0.5869196554,1.052209459
INT,-0.4177799002,0.2521624932
VIACA,-0.597281605,1.171687483
ABMD,-0.1490702233,1.233400081
CCL,-0.7370293534,0.6446474255
MBI,-0.2322575219,-0.078431094
PII,-0.522992132,1.017241485
SCHW,-0.2899803775,0.599453301
VGR,-0.2815533592,0.3094490051
PXD,-0.5329327463,0.6510383262
DX,-0.364060128,0.8445342156
AB,-0.3684858069,0.9483206496
MAN,-0.4542734934,0.7520013455
USM,-0.1915538855,0.04779813692
DRE,-0.05929232121,0.2587712226
MTH,-0.4025524513,1.268421638
RPT,-0.5844414981,0.4344949594
TNC,-0.2540020183,0.2232326047
MIDD,-0.4806432914,1.266526413
ADBE,-0.03508033489,0.5715183916
MRTN,-0.04327544914,0.3042316392
NBN,-0.4694610698,0.9344361923
ODP,-0.3950925825,0.7865879468
IEX,-0.1945846758,0.4555028755
CRUS,-0.2036158318,0.2524756922
FRME,-0.356816017,0.451569545
NLOK,0.200277674,0.1312798131
TG,-0.2953020056,0.4813137585
CGNX,-0.2456795276,0.9539563713
TECH,-0.134702568,0.6805609169
ISDR,-0.2386657432,0.967416345
VTR,-0.522125148,0.8893826985
EOG,-0.5694647837,0.4259720207
EA,-0.0682724092,0.4352608624
DGII,-0.461624917,0.9811318694
STAR,-0.2639472768,0.4373952522
ZIXI,-0.3643075136,1.002319711
LSCC,-0.06896481114,1.571267188
IMGN,-0.3320276255,0.8914947836
GIII,-0.7701490751,2.083121164
GSBC,-0.345296051,0.2406188295
PTC,-0.1826673463,0.9540893334
NEOG,0.02650925081,0.1837592925
HALL,-0.7700628446,-0.118811792
BLFS,-0.4128552293,3.198942993
CSCO,-0.1741178416,0.1684319327
THO,-0.4322253171,1.24690276
COG,-0.005629306993,-0.03768543942
HOLX,-0.3277142865,1.074926832
JOE,-0.1538068161,1.535163034
VICR,-0.04666052219,1.070496574
GVA,-0.4466935076,0.7932678769
KMPR,-0.03620575784,0.04614648053
TYL,-0.01153243054,0.4719451032
XLNX,-0.1992898444,0.8379278151
BHE,-0.4135622415,0.3801204999
VIAC,-0.6604714445,1.727379318
TRMB,-0.236507639,1.09770766
EXPO,0.04477688682,0.2608858423
PRK,-0.2310537006,0.4004896767
MTRX,-0.5861011681,0.1636763232
AN,-0.422990664,1.48717027
MMSI,0.0009611370369,0.7763226917
VERU,-0.02388015932,1.645259014
ESE,-0.1793515865,0.364870835
CATY,-0.3907719981,0.4527348777
CVA,-0.4070076074,0.5740010288
NRIM,-0.2861620516,0.3052301925
MLI,-0.2428346254,0.4817489736
DORM,-0.2700737274,0.5708346376
QDEL,0.303612443,0.8367237196
PSB,-0.1716501705,0.004574960823
AZO,-0.2898574878,0.4012318392
REGN,0.3004410205,-0.0106096746
X,-0.4462868004,1.66626701
IONS,-0.2173486505,0.1958542658
RDNT,-0.4822653254,0.862035388
HWC,-0.5489975554,0.8045706354
LCUT,-0.1819463013,1.746836
ATGE,-0.2339148265,0.2672641407
IDXX,-0.07233841825,1.063531553
RGS,-0.6692780816,0.5549918082
AES,-0.3116514478,0.7760168562
CRVL,-0.3760298191,0.9445989032
STFC,-0.1009025664,-0.3497538339
DIN,-0.6475098907,1.022316005
ALKS,-0.2931372585,0.383496168
VRTX,0.08677858139,-0.006766121891
MNRO,-0.4369564499,0.2323858358
PRGS,-0.226435648,0.4303430384
TVTY,-0.6908330296,2.114469422
ZBRA,-0.2812397981,1.093300315
EZPW,-0.3885635012,0.1486808066
MTG,-0.5496351617,1.013899304
HAE,-0.1326368095,0.1915520701
PRA,-0.299668569,-0.2816457521
FIZZ,-0.1640528832,1.131302142
BIIB,0.06622276105,-0.2260566337
FCFS,-0.1071341504,-0.01135214046
AAON,-0.02206004391,0.3877961138
BOKF,-0.5096135719,0.6526332068
STRL,-0.3252846907,0.9589469078
TRNS,-0.1682360763,0.3086789763
NTN,-0.3090911243,0.4736860094
ODFL,0.03867702733,0.4906653112
NHI,-0.3787125568,0.4712703253
ATNI,0.06300706315,-0.2813787056
WRLD,-0.3679400057,0.8718197871
WNC,-0.5085090862,1.442865429
HMN,-0.1550625827,0.1770753932
KIM,-0.5330758858,0.6233200158
OI,-0.401265143,0.6737026344
JBSS,-0.02059525167,-0.07974282305
AMSC,-0.30191104,3.273719246
QCOM,-0.2262266752,1.290187015
PRGO,-0.06497414544,-0.05786429942
TTEK,-0.1788428442,0.648381734
WETF,-0.5150376024,1.354165031
OFC,-0.2374072653,0.2177988673
GILD,0.1609727191,-0.1960836911
MSON,-0.4938207746,0.3269629307
SMG,-0.0303221626,1.024867636
ROP,-0.1185712776,0.3881737422
SCHL,-0.3340436609,-0.00005636567508
SNPS,-0.07478447901,1.012888823
ELY,-0.5176404107,1.350846878
THFF,-0.2532768761,0.1684004049
NBTB,-0.1950304337,0.01753873695
ICUI,0.07829284546,0.06304228492
JACK,-0.5456873324,1.671972124
M,-0.6889706116,1.291244155
MHK,-0.4409738444,0.8487661841
CNR,-0.4641599725,1.035091854
ASUR,-0.2713936966,0.1912765816
TRST,-0.3681524719,0.2753278502
AGCO,-0.3867303013,1.196836313
RNST,-0.3771882297,0.5810763921
STBA,-0.3161402006,-0.05489068786
BKE,-0.4607780126,1.326359673
ARCB,-0.3626543696,1.454662146
BSX,-0.2784167376,0.1017472794
KSS,-0.6998234099,1.788897015
OLED,-0.3597804432,0.7481497881
USPH,-0.3937910182,0.7427551162
FC,-0.5178402278,0.4330768049
FCF,-0.3642180163,0.2432886982
STE,-0.07954029601,0.3636225929
BBBY,-0.7468210119,3.218527341
CACC,-0.4219471422,0.3537497151
DHI,-0.3533327719,1.044379035
COLB,-0.3313597153,0.3806666657
FCEL,-0.3984065295,6.397353781
SBUX,-0.2483661701,0.6513624828
TSN,-0.3604098072,0.1363439584
CENT,-0.1149017008,0.4039988716
WIRE,-0.2681966968,0.444792741
STRS,-0.4289862258,0.4414923046
OHI,-0.3633088514,0.4621546622
LTC,-0.2997484155,0.3197676882
CAKE,-0.5512092506,1.169790065
ASGN,-0.5023251235,1.364949517
LFUS,-0.3004649347,0.9232589878
BLX,-0.5073902063,0.6283223069
MTX,-0.3701128131,0.7181822196
PDCO,-0.2445992285,1.005412507
RDN,-0.4822649073,0.5992961249
UFI,-0.5427553888,0.5359288256
KAI,-0.2898126599,0.9020810022
LGND,-0.3027136187,0.3675739615
SM,-0.8914588457,4.060017664
UVE,-0.354055371,-0.1250014124
OPY,-0.2772955251,0.6653482719
DDD,-0.1188571488,0.3592719471
UFCS,-0.2467411037,-0.2037506987
OFIX,-0.3934606695,0.5344524765
SPNS,-0.1730443399,0.6189384427
UMBF,-0.3197851472,0.5128891685
IAC,-0.2805182184,2.314512561
CREE,-0.2316360535,1.986463683
CRY,-0.3754154099,0.3953899003
NATH,-0.1343285796,-0.07739148698
PEBO,-0.3542570504,0.2821157796
RCKY,-0.3387278399,0.4760859395
UEIC,-0.2657863183,0.3672132295
SITC,-0.6141228228,0.9520172516
ELS,-0.1785415632,0.1205563242
ALG,-0.2921332924,0.5595390343
AVID,-0.2156172012,1.358097168
CHS,-0.6377951569,0.2325587833
INTU,-0.1202439958,0.6607342072
LSTR,-0.1413905635,0.4114639349
MCHP,-0.3499396426,1.057303617
SCVL,-0.4415438053,0.9056261594
SYBT,-0.2888462867,0.4292809233
CHDN,-0.2496351845,0.8981252018
SGA,-0.08454025543,-0.1268621172
ETH,-0.4568269051,1.040569029
CB,-0.2776566799,0.4029775611
BANF,-0.4604421005,0.7980545778
FOSL,-0.582486913,1.63525705
JBL,-0.4037901469,0.7425985901
ORLY,-0.3130788713,0.5033027562
SANM,-0.2032705181,0.1689879026
TCBK,-0.2639058634,0.2098496858
ATR,-0.1363934942,0.3885282121
RCL,-0.7532020924,1.321727524
ANIK,-0.4424304583,0.5655477556
GABC,-0.2244598577,0.2282469844
RGA,-0.4810333281,0.4071832455
HR,-0.1557000517,0.09227431798
AKR,-0.5109914859,0.1452770518
RIG,-0.831395133,0.9913783713
SKT,-0.6523202625,1.08669781
THRM,-0.2926339392,1.077072144
BBSI,-0.5584789792,0.7477604087
PZZA,-0.1515679561,0.602563266
ALL,-0.1800749999,0.2184171421
SGMS,-0.6377892768,3.277314624
AZN,-0.08486433134,0.1283392529
TALO,-0.8092865716,0.4330440245
CPT,-0.2453342604,0.2949897966
WINA,-0.3566349261,0.487416038
MCRI,-0.4218333954,1.180974482
BWA,-0.4351982248,0.6076207324
EQR,-0.2299493854,-0.008167857577
BFS,-0.3730322083,0.02173657311
CASH,-0.4037251068,0.6945777976
MOV,-0.4563014216,0.4060919086
UHS,-0.3082380319,0.3877672818
BDC,-0.343091628,0.1663513883
ATVI,0.001009482291,0.571071877
DECK,-0.2064427108,1.140148743
IT,-0.3538616158,0.6088187074
QCRH,-0.3814412017,0.4707538534
RVSB,-0.3856228169,0.08165662367
AUB,-0.4118748406,0.5495378327
BYD,-0.5183700054,1.976417692
LXP,-0.0550849412,0.1020265708
UTMD,-0.1257641181,-0.09463375143
REG,-0.3845603815,0.2367642152
NVR,-0.3254113161,0.5880421735
CNTY,-0.6957072222,1.651452233
FFIN,-0.2319085869,0.3650596944
ITRI,-0.3349615949,0.7177143257
FWRD,-0.273338943,0.5316087876
OSBC,-0.486590648,0.4669002188
PTEN,-0.7723812254,1.275618031
NYCB,-0.2065167498,0.1844229991
ROCK,-0.149087441,0.6761438796
VSEC,-0.5678917949,1.373157862
SCHN,-0.391681223,1.522152481
UFPI,-0.2182549601,0.5044162122
VIAV,-0.252666905,0.3358589488
URBN,-0.4872164448,0.7977510841
INCY,-0.1613610469,0.1877634627
MHO,-0.5799238752,1.679371261
CMCT,-0.2299999241,0.3096713187
SHOO,-0.4564051071,0.5204481717
UFPT,-0.232211133,0.2234180488
MED,-0.4193284578,2.207130021
ARWR,-0.5464293548,1.667016056
VLY,-0.3519651123,0.389774254
EMN,-0.4039873768,1.206697339
SPG,-0.6254297064,0.6444509917
SUI,-0.1629584963,0.2374264681
VMI,-0.2894244768,0.6674140234
HAIN,0.0005779247474,0.5460137558
AGM,-0.3453272347,0.4169361673
VALU,0.1257825736,0.04277563998
MAA,-0.2129458092,0.2617624569
ALB,-0.2229590296,1.648279059
BZH,-0.5442326703,1.352481365
MLM,-0.321672551,0.5124249252
RYN,-0.2728944118,0.2857329103
BPFH,-0.3983416144,0.2247866424
DAKT,-0.1822666723,-0.05071008858
DSPG,-0.1486656628,0.2380598688
TSCO,-0.09156326205,0.6766848078
RGCO,0.01924164825,-0.1598562141
BCRX,-0.4202893028,2.725002822
CPRT,-0.2465368282,0.8571228754
MPAA,-0.428961012,0.5596195807
NNBR,-0.8129728319,2.797690171
SCSC,-0.4211095519,0.233285562
ZEUS,-0.4214751867,0.2943459416
AVB,-0.2906063262,0.1240647477
MAC,-0.7831804345,1.091212025
ADC,-0.1095205055,0.1058633914
EXP,-0.3556153148,0.7376943436
AEO,-0.4540196891,1.585786861
SMBC,-0.3644181748,0.2762585497
ABCB,-0.437940806,0.6294745416
NKTR,-0.1730370698,-0.04761909907
PENN,-0.5050865161,5.827668276
SSD,-0.2274711788,0.5197460988
IMAX,-0.5570237207,0.9911604629
LJPC,0.06870214517,-0.07619107043
ESS,-0.2610597929,0.1086476187
FR,-0.1934478674,0.2917115661
HIW,-0.2680666367,0.1618700482
AIV,-0.3136251875,0.3764619848
GBX,-0.4468447737,1.122239237
MATW,-0.362689433,0.2496167713
GEO,-0.2439082362,-0.1793247252
CLI,-0.3355504855,-0.1602831987
ADTN,-0.2147707621,0.9680094422
AMED,0.09956860454,0.5981785696
MLR,-0.2335033207,0.3669475454
VLGEA,0.05948344269,-0.06441864506
RS,-0.2634015869,0.3915189125
SIRI,-0.3076407236,0.2982764004
DAR,-0.3173079917,2.008870013
AZPN,-0.213843322,0.3700430475
USX,-0.3359843823,1.047905329
O,-0.3154569823,0.2919917022
COF,-0.5078367079,0.9772183133
MCK,-0.01925558082,0.2956871824
UHAL,-0.2268909049,0.5715027972
NWBI,-0.294752684,0.1615783535
VECO,-0.3483150037,0.8140026181
NSIT,-0.4006256643,0.8060768656
RCII,-0.5048271364,1.814797297
BRKS,-0.2707336127,1.237733193
ACIW,-0.362544201,0.5913057612
WDFC,0.03827212178,0.3360575427
DLTR,-0.218819448,0.4705301719
NATI,-0.2136624736,0.3562584367
ABC,0.0461158451,0.1190562928
WAFD,-0.2864824818,0.01884397805
CBZ,-0.2240361197,0.2719875865
COOP,-0.4140691332,3.233286964
CWCO,0.01134916008,-0.2496250767
HLIT,-0.2615382952,0.2829871067
DRI,-0.4966368549,1.194431497
SYX,-0.2499998302,1.174730941
HA,-0.6415158213,0.695401306
LSI,-0.118545681,0.3041905078
WAB,-0.3802821685,0.5291162496
LECO,-0.2816088315,0.7110785346
DISH,-0.4364252055,0.6178072953
RMD,-0.04722721697,0.4524594644
SBGI,-0.5116974436,1.035986895
FCX,-0.4832005923,2.854813234
SVC,-0.7724974624,1.136986541
WABC,-0.1270421967,-0.03893692384
IART,-0.2335279708,0.4533246994
KFRC,-0.3508817455,0.6755524914
RWT,-0.6747282445,0.8277292738
NOVT,-0.09678932488,0.479970159
MD,-0.5811441426,1.108246153
ACGL,-0.3364418675,0.2673910703
SENEA,-0.02476176183,0.003016487348
THG,-0.3324798569,0.3159660077
RE,-0.2993421054,0.2438638921
DVA,0.01372796729,0.543517488
ERIE,-0.1018125728,0.6940197725
MYGN,-0.4744772464,0.3819004567
POOL,-0.07091082629,0.9036945628
RICK,-0.5117074583,2.976238072
CCF,-0.305451851,0.2367564387
AEIS,-0.3189603499,0.9997900857
OPK,-0.08843509296,1.9477612
FFIC,-0.3719047195,0.3098540137
BANR,-0.400182366,0.4556270217
HSIC,-0.2428062204,0.3234353575
NTAP,-0.3242618437,0.6414575906
NWPX,-0.3320324104,0.2719116739
MLSS,-0.1007186906,0.6960018487
SAM,-0.02723273963,1.705110135
EL,-0.2265099954,0.6778143033
SWM,-0.3269826886,0.5063808216
WAT,-0.2208430472,0.35907874
TGTX,-0.113513208,4.286585636
CTXS,0.2795310938,-0.07388817314
EME,-0.288763324,0.4968975287
AMRX,-0.2780086114,0.3132188294
NUAN,-0.0588898055,1.627531323
HIG,-0.4163351802,0.4233445487
MSM,-0.2403029752,0.6523623588
NVAX,2.412061302,7.211347231
SCCO,-0.3276831302,1.364322696
REV,-0.4897290487,0.08691736805
WSM,-0.4170591453,1.441096827
ALXN,-0.1697646022,0.7400609629
ANDE,-0.2513852766,0.3449015528
CMCO,-0.3742630321,0.5456245089
CSGS,-0.187234005,0.09495168244
IRM,-0.2338093727,0.3245001743
LNDC,-0.2316534348,0.2485626628
OVBC,-0.238503447,-0.1899182269
GEF,-0.2866511328,0.5602257529
CENX,-0.5182971562,2.046960988
GEF,-0.2134437344,0.2640078245
HUBG,-0.1134729453,0.2535727135
TCX,-0.2188402642,0.5310794027
KVHI,-0.1527406816,0.2036058091
EPM,-0.5045701087,0.1237716867
SASR,-0.3964934283,0.4723051216
SYKE,-0.2668286244,0.3890121112
TUP,-0.8111885785,18.99384721
ARTNA,0.01187241258,0.01311099349
FCN,0.08232402475,-0.06721306412
NBIX,-0.1948089142,0.1074519243
PFBI,-0.3081587107,0.1117821157
FDS,-0.02577072875,0.2844699928
WOR,-0.371977551,0.9901042458
ANSS,-0.09688802545,0.5649335023
CNOB,-0.4754578786,0.4977232524
CASI,-0.3398057167,0.4460802388
TBI,-0.4696591075,0.4647347856
QGEN,0.2307684509,0.2704321238
RUSHB,-0.3303138108,0.8834357917
RNR,-0.2364557288,0.1174210366
WHLM,-0.1328502428,0.2785503438
CASS,-0.3863867686,0.1295714165
GERN,-0.124999533,0.3361350394
OCFC,-0.3718741764,0.2089011368
PEGA,-0.1053366497,0.8722811311
STRA,-0.1166777453,-0.3065969827
DCOM,-0.3382290545,0.1853939272
GES,-0.6974977209,2.390332128
MMAC,-0.2223270838,-0.005257517423
CSV,-0.3669038881,0.9619653751
LAMR,-0.4142962019,0.657262704
SRCL,-0.2386779678,0.4271317045
TTEC,-0.06461412019,1.05931816
SPPI,-0.3598901834,0.4635192015
WLFC,-0.5484637562,0.1451120925
ANF,-0.4626951668,1.239824594
GTN,-0.4990670783,0.6657336011
USNA,-0.2646716107,0.3348324184
NOV,-0.6055883624,0.3967463131
TGI,-0.7319260834,0.8579882926
PAG,-0.4373648444,1.137246009
BJRI,-0.6306639358,1.771055017
HIBB,-0.6100209778,3.223134208
ZION,-0.4802053282,0.6720356307
NUS,-0.4586586177,1.56401357
SSP,-0.516868285,1.055047167
AXDX,-0.5071006823,-0.09003595018
FORR,-0.2990414918,0.4334593506
PLUS,-0.2570886571,0.4045031603
SEAC,-0.1121724657,-0.6236558398
STLD,-0.3304928916,0.6771475682
UNFI,0.04794512864,0.7396515359
LAD,-0.4415643615,2.595524238
VSAT,-0.5092556942,-0.09103520087
NCR,-0.4965871637,1.122600199
DGX,-0.2444551904,0.5050489038
TEN,-0.7251904139,1.944447523
ROK,-0.2512512203,0.6842350486
NSP,-0.5618317252,1.220602005
CMT,-0.5261541037,8.142861223
SSB,-0.3183262079,0.261405326
KRC,-0.2349821667,-0.07472256295
UNTY,-0.4780684692,0.5257349181
WWD,-0.4967811853,1.050433652
CERS,0.1018950161,0.4881717471
HLIO,-0.1780175052,0.415272466
VCEL,-0.4729885165,2.367501427
CCBG,-0.3357377886,0.2465573136
CIEN,-0.06746318627,0.3275542994
SLGN,-0.06241878099,0.2909355189
MTN,-0.3767667717,0.8885682856
EEFT,-0.4559535494,0.6906205135
WTFC,-0.5341003062,0.8931069618
LNG,-0.451449261,0.7919403648
CVLY,-0.2957812847,0.08246216305
FBC,-0.4807554954,1.065198403
TTWO,-0.03120118804,0.7518754168
ARE,-0.1453767886,0.3255296595
APH,-0.3243093055,0.8071522791
KNL,-0.5847192483,0.4401103458
AMZN,0.05513497742,0.6704599721
RMBS,-0.1941932206,0.5729757929
SRPT,-0.2419403922,0.7428941083
PPBI,-0.4173268769,0.7173187889
QRVO,-0.3062897468,1.06213653
SLP,0.203449802,1.06648184
BXP,-0.3238795026,0.05956645282
FIX,-0.2646945781,0.4510093912
MMS,-0.214161267,0.27194886
RL,-0.4240096777,0.5522973453
EGP,-0.206828517,0.3455345288
HLX,-0.8296990843,1.560975357
DXPE,-0.6920370545,0.8132139912
EGHT,-0.2426236358,1.487012843
HSKA,-0.4235976795,1.633813484
OZK,-0.4473117962,0.9375402575
CXW,-0.3135624784,-0.4136081741
JLL,-0.4199548633,0.4693014171
AME,-0.2761174455,0.6881959159
BAM,-0.2321306349,0.4135070072
SLG,-0.5276997869,0.5011176664
VLO,-0.5084788672,0.312548844
LKFN,-0.2441769386,0.4869165615
BHB,-0.3120845758,0.3489827708
NAT,-0.05925219564,-0.2885300957
YUM,-0.3160834001,0.6073368906
MTOR,-0.4940814391,1.106415971
FARO,-0.116186958,0.5871896404
PLCE,-0.687140352,1.56134859
PSMT,-0.2554178968,0.7426240664
SIGA,0.002096970304,0.520917939
NLY,-0.4352447574,0.8220200692
CAC,-0.3124275347,0.1730936188
DRQ,-0.3498184232,-0.02885197707
RHP,-0.5753521683,0.8900988723
GPI,-0.5558416,1.970429372
SRI,-0.4287170253,0.8047759118
FDP,-0.2078332377,-0.1211332169
CHRW,-0.1469314712,0.442038438
CWST,-0.1514227121,0.5860239782
OSIS,-0.315863231,0.3525824857
CHH,-0.407812405,0.7477560347
CDZI,0.05898481519,-0.08740341505
PLD,-0.09187861981,0.2622164581
AMG,-0.2991315119,0.7203530783
EPR,-0.6476737642,0.3593134971
MTD,-0.1295506159,0.6504929438
SAH,-0.5683868221,1.928291427
ADSK,-0.1491338678,0.9560551217
INGR,-0.1809566614,0.06738820234
MPB,-0.2892725106,0.110664875
URI,-0.3829823034,1.253739035
POWI,-0.1050170679,0.86361052
PRDO,-0.413267603,0.1705305435
CFFI,-0.2720036885,-0.03750415595
DENN,-0.6136819095,0.9114574526
HFWA,-0.2871914125,0.2039241544
MRCY,0.0322677702,0.2343696636
HOPE,-0.4404938378,0.3928587988
RMTI,-0.1598368658,-0.5073174203
TSBK,-0.379713095,0.3678914977
VRSN,-0.06534112441,0.2016214867
WPC,-0.2613686027,0.2722893185
IESC,-0.3121587415,1.608498343
BXS,-0.3917540048,0.4862943306
PWR,-0.2205852046,1.279845451
SCS,-0.5175953771,0.4182471315
BRKL,-0.3090200364,0.1045802833
COLM,-0.3010279231,0.2523986218
IBOC,-0.3631297379,0.4222522442
NWFL,-0.3085780537,0.01168159696
CNXN,-0.1701566892,0.1475378099
SRDX,-0.1957519936,0.3061205949
CIX,0.04866427795,-0.0436078789
GRA,-0.4876333793,0.5687020635
MAR,-0.5040642518,0.7633998251
BBY,-0.3445327924,0.7801977094
SEE,-0.3755963452,0.8763290453
MFA,-0.7712418387,1.605790476
HEI,-0.285678414,0.8337304193
CRAI,-0.3824129847,0.5501096085
MANH,-0.3752977283,1.111199726
UMPQ,-0.3723167696,0.4362398964
IOSP,-0.3282102722,0.3227701692
AMKR,-0.4007687689,0.9409505857
HCKT,-0.2118960427,0.1564920367
AXTI,-0.2620683185,1.981302884
GNTY,-0.290449492,0.323054795
SBSI,-0.1738721865,0.05703602187
CLAR,-0.2759185392,0.5811527738
AMT,-0.05251971361,0.05043281995
BMTC,-0.3070636285,0.11000076
HZO,-0.3756747806,2.361801585
SRE,-0.2471944707,0.1571326858
DOX,-0.2340006555,0.3107050953
CTSH,-0.2480193536,0.7816529522
MSTR,-0.1719835572,2.290008338
RSG,-0.1580385231,0.3008913656
BELFB,-0.5229574683,0.5759024291
RBCAA,-0.2881198909,0.1215959953
CSGP,-0.01853527599,0.5740205383
HTBK,-0.3946077125,0.2154672357
UBA,-0.4253562081,0.04376203047
CCI,0.024270508,0.1276743153
EBAY,-0.1636986612,0.6877686156
BUSE,-0.3724499212,0.3067248413
CCNE,-0.4186662789,0.1611543543
PB,-0.3224366939,0.4718317772
FNHC,-0.3049168479,-0.4666295952
INO,1.254544458,0.1895175707
SNBR,-0.6108856992,3.272443207
BCOR,-0.539020037,0.3203306802
AXL,-0.6644982256,1.310248924
HT,-0.7289804136,1.203909903
FCAP,-0.1761646989,0.02289269108
GDEN,-0.656087091,2.009075769
NVDA,0.1209351134,0.983059367
STL,-0.5025348919,0.750240781
GBL,-0.4350949949,0.7033994401
KFY,-0.4240571116,0.8053462538
EPAY,-0.3162312171,0.4390168194
EWBC,-0.468287768,1.015516548
MKSI,-0.2581355703,0.8564247947
BKNG,-0.3449385393,0.6555695466
CNX,-0.3988701764,1.03007306
TREX,-0.1083669635,1.089344772
AMNB,-0.3891836651,0.1343509269
DHIL,-0.3575394389,0.7992234945
CFFN,-0.1485179984,0.1132527606
EXTR,-0.5807328265,1.229771228
HSII,-0.303076327,0.3313310895
GS,-0.3234788729,0.7353810387
WCC,-0.6152553122,2.435443268
NLS,0.4914292423,5.950196457
CBU,-0.1653501537,0.08279356582
SKX,-0.4503353507,0.5138993446
FFIV,-0.2364476232,0.6500031558
FISI,-0.4267908796,0.2936934873
JNPR,-0.2155746333,0.2062331533
SBAC,0.1221844245,0.04987572108
STMP,0.5574706993,0.5082236547
UTHR,0.07657816496,0.6007398869
BSRR,-0.3917825969,0.4036844792
LII,-0.2517119122,0.5205826377
GNSS,-0.0000001591623998,0.9938829159
COST,-0.02766407269,0.3652279418
BMRN,-0.0005919004252,0.03775153112
FNLC,-0.2645266469,0.2043012999
GCBC,-0.185306996,0.107486188
JCOM,-0.2012591536,0.3051431387
ECPG,-0.3388012489,0.6659534257
MDRX,-0.2827305698,1.05113618
VHC,0.4394745342,0.05994291299
PRFT,-0.4119814745,0.7589517738
MBWM,-0.4118453164,0.3331087282
DVN,-0.7304577704,1.409594717
FLWS,-0.08758631278,0.965230487
NTCT,-0.01661753202,0.1584307832
EGAN,-0.07449526243,0.6111841305
BLK,-0.1175647518,0.6699106627
CIR,-0.7484862027,2.305244168
DHC,-0.5475397818,0.1455021943
AKAM,0.05915721553,0.1475581003
EGBN,-0.3756513974,0.3959223134
GAIA,0.1113900703,0.112613315
PLUG,0.1202528414,8.579098584
WWE,-0.4751039451,0.4278289903
IMMR,-0.2786001516,1.106342624
LCII,-0.3701113907,0.9765504811
KTOS,-0.2315374459,0.9819362148
A,-0.1583628463,0.6607171949
EVI,-0.4164201782,0.896072051
TDY,-0.1421761648,0.3185984182
UPS,-0.193040498,0.8429272158
BMRC,-0.3300566902,0.1687902313
BGCP,-0.563011972,0.6036552573
MCBC,-0.3549786093,0.2136593008
NKSH,-0.2900063706,0.02682874548
PKG,-0.2176085213,0.6241371641
AGEN,-0.3980342561,0.2979578356
LBAI,-0.3726239079,0.2151637538
ABEO,-0.3577978402,-0.2523797032
EW,-0.1914786019,0.4510131856
EPC,-0.2222222042,0.44227717
EXPD,-0.1448351667,0.4435660538
IIIN,-0.3820386701,0.7976299006
LMNX,0.1925727683,-0.1513231363
SLAB,-0.2635795714,0.4909268693
APT,2.521865893,-0.0769875169
MET,-0.3940575615,0.5897241491
GBCI,-0.2571095401,0.3950920105
MNST,-0.1147127561,0.6437957785
CCMP,-0.2060707282,0.3377383373
EXEL,-0.02270237504,0.1655051062
HSTM,-0.1194857717,-0.08810071294
LXRX,-0.5301206129,0.7538456986
LPSN,-0.3851360652,1.735382495
ON,-0.48974503,1.631028613
SGMO,-0.2389483185,1.449764472
FULT,-0.3333337456,0.1491284418
OSPN,0.06016287667,0.1393946468
RBBN,-0.02258167239,1.165015747
BHLB,-0.5436096983,0.1994992517
CRL,-0.1738021665,0.9797165033
CYH,0.151724082,1.224555915
VC,-0.4458939727,1.616092454
PACW,-0.5228681166,0.4723765243
INSM,-0.3287269337,1.076733195
ISRG,-0.1622935705,0.6520256744
MRVL,-0.1479669153,1.114971262
NNN,-0.3941435302,0.3314826935
ACLS,-0.2400905102,0.5903884887
ARNA,-0.0752964165,0.8292843628
ENDP,-0.2110873741,0.9405390322
ENTG,-0.1048280119,1.154385261
ILMN,-0.1767048371,0.3547153898
SAVA,-0.2096150684,0.6593674067
PRPO,-0.6585854058,1.957567853
EVC,-0.2061073553,0.4137693633
BRKR,-0.295663442,0.5135082164
APPS,-0.3955124522,12.12297258
SPTN,0.0191355045,0.2549655568
ITGR,-0.218450184,0.2916000514
DRRX,-0.5921054906,0.3354854728
TTMI,-0.3129570351,0.3341403922
TPR,-0.5073230369,1.400004097
JKHY,0.06871646721,0.05151128368
SHEN,0.1836093969,-0.1151094247
ICAD,-0.05534105174,0.798363214
INSG,-0.1500680167,1.483145637
RIGL,-0.2710280078,1.243589732
PGC,-0.4180358767,0.2779665242
GRMN,-0.2258105428,0.6248758079
HBIO,-0.2754092691,0.9411751819
FLR,-0.6300773288,1.311142389
YORW,-0.05345479183,0.08521498544
ALGN,-0.3766129806,2.072034586
EXAS,-0.372837631,1.284309513
HAFC,-0.4496218528,0.07670277059
MCF,-0.5912806002,0.5266668386
GPN,-0.2088904403,0.4983033846
MPX,-0.433536825,0.8365144727
OIS,-0.8755366407,1.472908839
ATRS,-0.4978723853,0.6906763319
IBCP,-0.4259815281,0.4927672674
FLO,-0.04778807968,0.1318998824
FCBC,-0.2416932308,-0.03954660646
SGEN,0.009802626168,0.5179395277
DGICA,0.03630245594,-0.04483613483
CIVB,-0.3735511481,0.1992680569
SHBI,-0.3701797301,0.3904744622
UBFO,-0.4035417313,0.1776740767
IDT,-0.2482658297,1.280440149
ADS,-0.6978887936,1.228741224
FIS,-0.1229428114,0.171640409
MDLZ,-0.08560298868,0.1868369226
WLTW,-0.1555417315,0.2529347861
NTUS,-0.2988790072,-0.1335932873
EVBN,-0.3793022023,0.1623976928
PDFS,-0.3060983122,0.8430034746
ZBH,-0.3230897421,0.5325772502
ACN,-0.2216538148,0.6191354976
MFNC,-0.4014891835,0.288878017
OMCL,-0.1975030378,0.8301299122
OVV,-0.8808636145,4.467901868
BG,-0.2794625512,0.650463656
FRO,-0.2216179357,-0.2330670315
PLPC,-0.1710019356,0.3886685749
CS,-0.3985130631,0.6264217758
MKC,-0.167416761,0.3611041924
CCRN,-0.4199660439,0.3160225504
ANTM,-0.2451415336,0.4285852676
PFG,-0.4229934064,0.6456388007
PWOD,-0.3076488835,0.1165201888
AMN,-0.072220022,0.1805928339
AYI,-0.3785916366,0.4196575448
AAP,-0.4157712729,0.6962527302
WW,-0.5574454502,0.4429344071
PRU,-0.4356710171,0.571610477
WNEB,-0.2940559553,0.04670629166
CNC,-0.0550336055,0.01043661306
FCCY,-0.3983236597,0.2217413781
SYNA,-0.1201164252,0.6658034337
CCOI,0.2555852117,-0.2460466036
GME,-0.4243421889,4.382855658
MANT,-0.08625381219,0.2397649907
UCBI,-0.4012307874,0.5938303471
ABG,-0.5059492155,1.638786005
JBLU,-0.5219013423,0.624581453
LCI,-0.2120173401,-0.06186967691
CPSI,-0.1540502878,0.2161727136
NFLX,0.1604900154,0.4400275776
OSTK,-0.2921980049,9.582302747
PNFP,-0.4116542941,0.7343290678
VRNT,-0.2232654076,0.562326335
NPO,-0.4043057706,0.9335742552
ELOX,-0.7336960325,1.030611129
HOFT,-0.3861422765,1.107581548
WTBA,-0.3555245795,0.2218976872
WHG,-0.3673192761,-0.2080834979
BDSI,-0.4003170876,0.1081792434
CVGW,-0.3631752226,0.2228236585
RRGB,-0.7419748345,1.257045536
RUSHA,-0.311420066,0.9653187003
LYTS,-0.3705017299,1.314335339
BANC,-0.5308504981,0.8674874348
SAIA,-0.2102666378,1.458526421
KMX,-0.3859927824,0.7547817813
XEC,-0.6774274913,1.279078573
CMCSA,-0.226633382,0.541486357
WYNN,-0.5625587706,0.874563481
DKS,-0.5641040129,1.693225944
CEVA,-0.07529640917,0.8251099753
PKBK,-0.4112117829,0.2013199938
PRAA,-0.2363630736,0.4307371608
SAFT,-0.07710967881,-0.04290823614
ACTG,-0.1654135383,0.774775403
EQIX,0.07498810283,0.1560891233
GLNG,-0.445851072,0.2233509054
CME,-0.1343168207,0.08331644337
PFS,-0.4722901805,0.4672566308
NVEC,-0.2613546459,0.1420670787
LEN,-0.3514804484,1.137393999
HTLF,-0.3900092346,0.3598618288
OPHC,-0.05415171473,0.2862590094
FORM,-0.2264152875,1.141364446
NHS,-0.2791403195,0.4508724337
MOH,0.02962740993,0.5222963925
AXS,-0.3428663232,0.3406612465
TELL,-0.875837917,0.4160835978
CVCO,-0.2581636426,0.2105014654
NTGR,-0.06813536976,0.778893968
GPK,-0.2627628905,0.4096105806
GOOD,-0.3290574671,0.3358070929
TCBI,-0.6094764847,1.683807565
UVSP,-0.3831215605,0.2944244629
CNO,-0.310534606,0.831375456
LKQ,-0.4254904384,0.718186245
ANIP,-0.3393871299,-0.2871870425
CRI,-0.3933601979,0.431155838
APYX,-0.5756507217,1.005570373
SNX,-0.4308050224,1.652888715
WLL,-0.908664885,-0.4969236604
CONN,-0.6626314489,1.796647653
MRLN,-0.4881918838,0.154955333
MGRC,-0.3123328304,0.3097966557
NXST,-0.5052355524,0.9253991925
XPER,-0.2372974348,0.5344655905
DZSI,-0.5270880202,2.692123916
MEIP,-0.35080625,0.6397510431
AEL,-0.371867888,0.4891898233
CMP,-0.3606005336,0.6679447026
KRO,-0.3567162954,0.8469006348
NNI,-0.217358376,0.5851129313
NG,-0.1763394281,0.3102968973
PIPR,-0.3572453877,1.018080954
TPX,-0.4979323808,1.470832164
MGLN,-0.3851753593,0.7218877338
PETS,0.2367454491,0.1430124436
DVAX,-0.3828670084,0.2606219168
ONCT,-0.2582278184,0.6723542396
HTH,-0.390881474,0.8430534993
AIZ,-0.2017559164,0.3303015526
NRG,-0.3086372435,0.4154357653
CUTR,-0.6352973913,0.8460968124
CVCY,-0.3943976886,0.1699358806
SBNY,-0.4092140897,0.7131186695
SBRA,-0.476505665,0.6892093699
UCTT,-0.412015533,1.257248004
SVRA,-0.5267860518,-0.45754726
ABR,-0.6500987925,2.143402595
AGO,-0.4698074352,0.250152152
CORT,-0.01735577979,1.200168183
CYTK,0.111216358,0.7625114522
GNW,-0.2454543512,0.1385528781
GHL,-0.4209595773,0.2505079307
XPO,-0.3883313631,1.44513111
ACAD,-0.01238927086,0.2653262798
ALNY,-0.05487536115,0.1940280336
ANGO,-0.3485321415,0.4697994103
NUVA,-0.3449700641,0.1119228284
SP,-0.510959495,0.3893983134
CBRE,-0.3847281471,0.6632172376
NYMT,-0.7512035465,1.565294488
CRM,-0.1147316722,0.5455617304
SFL,-0.3246225751,-0.279468425
BOCH,-0.3154708157,0.283050776
DPZ,0.1057593819,0.1903542313
ENS,-0.3358951432,0.6897972063
BLKB,-0.300900917,0.0361831095
MNKD,-0.2015495442,2.038837336
ACC,-0.4039052237,0.6040899562
CNS,-0.2713047545,0.6879113992
EXR,-0.08483202288,0.2415339935
KRG,-0.4988485198,0.6003096969
WLK,-0.4533238479,1.167108075
GOOGL,-0.13247879,0.5083605297
STXS,-0.4291115077,0.6854323134
BECN,-0.4828018556,1.429865554
SFST,-0.3323133575,0.2460334049
DLR,0.1694497892,0.02814563976
ONTO,-0.1880134992,0.6026286407
MOS,-0.4976895612,1.145613858
SHO,-0.3706890962,0.300802318
CUBE,-0.1384999758,0.2958596172
ADES,-0.3566895509,-0.1628616376
HURN,-0.3399312091,0.2996040328
INVA,-0.1694924278,0.05357188412
TXRH,-0.260298802,0.8924960124
HALO,0.01466388928,1.374098589
NP,-0.382636491,0.3209734441
ORA,-0.09057973244,0.3406170366
MKTX,-0.1211381481,0.7216663978
MPWR,-0.05651092667,1.198500873
NWE,-0.1568303375,0.007738802846
SPOK,-0.1156989972,0.07953991585
ATLO,-0.2646485648,0.2200851588
TBBK,-0.5319970434,1.248765479
LVS,-0.3734066524,0.4033408172
MIC,-0.3872547735,0.4871280629
HLF,-0.388295005,0.6478060278
CE,-0.3999725639,0.80494158
WTI,-0.6942449638,0.2764711429
CZNC,-0.2845596904,0.03863567564
SMMF,-0.2107789864,0.07201855843
DLB,-0.209425378,0.8083779595
HUN,-0.3960064813,0.7822684218
TAP,-0.3198098365,0.4295470523
PBH,-0.09431980027,-0.04934741454
WEX,-0.5008600015,0.9467239059
EBTC,-0.198053377,-0.03197965463
EFSC,-0.417340885,0.2743253367
KRNY,-0.3731018246,0.2646394037
NDAQ,-0.1090567114,0.4145404949
PFBC,-0.4343691187,0.5296054042
MTEM,-0.04969596924,-0.2934532312
ULH,-0.3043646104,0.5797711672
AX,-0.4012551397,1.070047922
PBIP,-0.1743117292,-0.04770737673
DXCM,0.2310047285,0.3730468543
DRH,-0.5415157328,0.6240149039
LAZ,-0.40267465,0.8772913338
CTRN,-0.611591385,4.582022193
MORN,-0.2302398705,1.005270815
ZUMZ,-0.4985522059,1.123555229
ATSG,-0.220801657,0.7144423504
BFIN,-0.3205127429,0.03410571863
BLDR,-0.5186938905,2.336876908
EGLE,-0.5978260593,0.4671788747
LHCG,0.01771142085,0.5215397085
DBI,-0.6772553248,0.5361436778
FSP,-0.3226803827,-0.1945419628
OSK,-0.3175121947,0.3542951017
THS,-0.08969035355,-0.03759829416
WAL,-0.4600666264,0.9949845666
MPW,-0.1681667495,0.3140261834
CNSL,0.1726799575,0.07472374105
DISCA,-0.4062312263,0.5478396045
EXPE,-0.4765122888,1.352939932
ACCO,-0.4535256029,0.7222887154
CF,-0.4256103012,0.4625847609
STN,-0.09271015141,0.2844160082
ATRC,0.03322070723,0.6573387257
OFLX,-0.2133477816,0.7458171005
ROLL,-0.2876713865,0.5873739905
RUTH,-0.686193255,1.6541908
AMP,-0.3805775468,0.9338179885
EVRI,-0.7542812337,3.184844605
CMPR,-0.5770057635,0.6492472135
FNF,-0.4441014315,0.619570446
DHT,-0.02026089568,-0.1816036685
FBIZ,-0.4074610456,0.2245638063
ISBC,-0.3217824348,0.3775384038
WSBF,-0.204246149,0.3472820533
AMSF,-0.01953641156,-0.03906869885
IRBT,-0.1921781855,0.9630798199
SPWR,-0.3499997291,5.144650173
UAA,-0.5736112606,0.8642771825
PEBK,-0.37222199,0.1588334354
BKD,-0.570838931,0.4198699709
ICE,-0.1242563337,0.4404490034
BCBP,-0.2181671017,0.08750646553
CORE,0.05516729449,0.04043412242
LORL,-0.4972151417,0.7882484118
LYV,-0.3639289793,0.616367138
CPA,-0.5769262622,0.7052323337
CMG,-0.2182626746,1.11905208
HEES,-0.555791316,1.112634636
CROX,-0.5944139485,2.6880533
LQDT,-0.3489936559,3.100519826
UAL,-0.6418436048,0.3708394699
KOP,-0.6763473809,1.51899948
TDG,-0.4282319845,0.9327594854
GPRE,-0.6856769007,1.71546581
VNDA,-0.3686775926,0.2683381173
POR,-0.1338057927,-0.08061566195
DK,-0.5207278082,0.05615228247
MA,-0.1899736313,0.4837661311
MWA,-0.3281795974,0.5690476517
VG,-0.02429067442,0.7807741635
AAWW,-0.0689146107,1.124658075
FBMS,-0.4613205944,0.6416968534
QRTEA,-0.2758012907,2.482975133
PRTK,-0.2183619953,0.9873068264
ATEC,-0.5137416333,3.208697364
HOMB,-0.385401773,0.6649282156
LUNA,-0.1563786671,0.6065033645
SLCT,-0.3796750792,0.2411511717
PGTI,-0.4372903575,1.42431627
CSII,-0.275365354,0.2428286277
SNCR,-0.3578949395,0.540983909
GTLS,-0.5706028811,3.064525942
KALU,-0.3710571938,0.4718718472
EVR,-0.3785307183,1.444260515
HBI,-0.4640298532,0.9193006831
ESXB,-0.4504869176,0.4308840694
WU,-0.3146001053,0.2482545827
CVLT,-0.09318993127,0.3678349979
ICFI,-0.2486352376,0.08880029836
ZIOP,-0.4809321985,0.02857140737
EHTH,0.4656547101,-0.4985792404
EXLS,-0.2509359929,0.6361713423
LMAT,-0.3041721083,0.6396879695
AWI,-0.1527089033,-0.05573741399
DEI,-0.2986336197,-0.01472706637
OC,-0.3979586718,0.9670036469
LDOS,-0.06027182712,0.1592618863
ROST,-0.2505150892,0.4120946101
EBS,0.07247486595,0.548565684
HRI,-0.5819374576,2.245844828
KBR,-0.318688782,0.5138791723
SPR,-0.6715144949,0.6354786095
CPRX,0.02666641732,-0.1324667878
FSLR,-0.3556117426,1.74320813
ORBC,-0.4204271011,2.040982191
WLDN,-0.3275643976,0.9513346486
AIMC,-0.5122897929,2.180087227
ALGT,-0.5275659279,1.313450514
GLDD,-0.2674315794,0.5867459013
IPGP,-0.239028702,1.029287184
MNOV,-0.4480713771,0.4139786904
TAST,-0.7418439823,2.450545412
SBH,-0.5572602488,0.6138617882
EIG,-0.02371317008,-0.1859696396
AVAV,-0.01263349993,0.4255267017
III,0.01581108236,0.2762650227
CORR,-0.5800717027,-0.6201883052
ARAY,-0.326241238,1.194737911
CENTA,-0.1290868967,0.4208044406
ESGR,-0.2311227642,0.2882104356
NCMI,-0.5267485798,0.2176170188
PRTS,-0.2045460152,6.079998934
MDGL,-0.2672589224,0.6652178432
BR,-0.228022955,0.6356214139
UFS,-0.4341008229,0.491056553
SFNC,-0.3068310456,0.2071618866
HAYN,-0.4189727237,0.1938447127
CNK,-0.6883312151,0.708537715
DAL,-0.5078842425,0.4093933313
TMUS,0.06988073568,0.6127552361
ESSA,-0.1882003854,0.1256592612
TFSL,-0.2098581315,0.2191084796
ACM,-0.307906531,0.6676700963
BGS,0.0354147561,0.6167147862
CAI,-0.5120774212,1.247239431
CLR,-0.7766719493,1.133511817
TRS,-0.264564939,0.370995777
ALBO,-0.3560186693,1.291387343
CLNE,-0.239315623,3.415730657
FOLD,-0.05133442797,1.498918052
GLRE,-0.4114743747,0.2285712719
IBKR,-0.07219029863,0.419854447
PODD,-0.03224279187,0.542912974
TTGT,-0.2103440401,1.868023234
GRBK,-0.2987803506,1.852173185
INFN,-0.3324935154,0.977359368
JAZZ,-0.3318603143,0.6548038632
LLNW,0.3970578778,-0.3000005351
SCOR,-0.4291500685,-0.1170214975
TIPT,-0.3538086554,-0.0174818781
DFS,-0.5766405186,1.597646456
PRO,-0.482142596,0.636158319
DHX,-0.2823917529,0.02777880549
LULU,-0.1818108295,0.8360838122
MASI,0.1205872094,0.5152442903
AROC,-0.6177957079,1.45278858
VMW,-0.2021875864,0.1582160366
G,-0.3052522603,0.4271322251
TDC,-0.2345901936,0.09663249096
UEC,-0.390774806,2.142854831
TOWN,-0.3432784186,0.3348939093
ULTA,-0.3059182601,0.6343782977
CVI,-0.5796360792,-0.08093407306
ROIC,-0.5192525814,0.6152003186
PZN,-0.4461502607,0.6663068686
TGH,-0.232493133,1.333332934
SHIP,-0.721560853,-0.7789470454
CIM,-0.5330736439,0.2392707972
LL,-0.5199596053,5.554372507
MSCI,0.1217958439,0.5546882358
SCU,-0.3730127591,0.1225994432
APEI,-0.1263230876,0.2737141983
ENSG,-0.1699364702,0.9442602085
NFBK,-0.3350763099,0.1367631522
ATHX,1.439024427,-0.4166662462
CATM,-0.5314670274,0.6873811833
SATS,-0.2618335059,-0.3371906872
TITN,-0.4120434488,1.249711677
ARR,-0.4882799238,0.3135191008
FLNT,-0.5319997091,3.538467394
LRN,-0.07321960458,0.1256614664
KW,-0.3883412979,0.389727231
GTS,-0.2374251543,0.5141845431
EBSB,-0.4375311299,0.3556194416
DAN,-0.5678952761,1.499358886
HCCI,-0.4823075845,0.2974151258
MOFG,-0.4176004292,0.2084552674
IRDM,-0.09375045892,0.7610832679
HI,-0.4199186648,1.126179216
PM,-0.1288045159,0.1891332923
V,-0.1411075509,0.3636405888
AWK,-0.02284478819,0.2988398657
IPI,-0.7047974269,2.01874775
NX,-0.4051521398,1.229692295
CFX,-0.4557454758,0.9313133987
UNH,-0.1480369373,0.4228829658
SB,-0.2999997448,0.09243625401
AGNC,-0.3815522637,0.5940722074
CAPR,-0.0624995419,1.858335017
UMH,-0.3010351741,0.4181068258
JBT,-0.3398724748,0.5379028628
ERII,-0.2400403726,0.8333329319
PRIM,-0.2823736483,0.7519375507
TREE,-0.3956305277,0.4929391568
DISCK,-0.4247295565,0.4931580239
HCI,-0.1099974261,0.3306785763
MYRG,-0.1963795283,1.294764875
DMRC,-0.6111439065,2.619928683
HBCP,-0.3727365938,0.1764965546
LOPE,-0.2036225407,0.2205559498
CLW,0.02106736901,0.7308583628
VRTS,-0.3713073866,1.903662869
OVLY,-0.1850405324,0.06745764671
ORRF,-0.3862253722,0.2472438333
SMED,0.8815174956,0.1901748539
OPI,-0.1384437158,-0.1049389247
IVR,-0.7651653362,0.1938011791
PMT,-0.5235532184,0.8259177919
ASPS,-0.6032078559,0.6792702992
TBNK,-0.1993488457,0.008698680927
STWD,-0.568383355,1.055027871
AVGO,-0.2394473838,0.8978275151
ARI,-0.5724443237,0.6704149711
SEM,-0.357326683,0.8439986724
MG,-0.7014717309,0.8215973747
TWO,-0.7393979207,0.8325745309
ADUS,-0.3046698739,0.7321004387
ECHO,-0.1748796871,0.5702577952
OMER,-0.05109950087,0.06843771386
VRSK,-0.06488576624,0.4958623931
DG,-0.02984310362,0.400531078
H,-0.4646632533,0.5501051793
LEA,-0.4036987931,0.9603720366
COWN,-0.385027436,1.713707104
FTNT,-0.05235938362,0.4681217368
CIT,-0.6184062736,1.180358847
KAR,-0.4405689643,0.5508330194
KRA,-0.6800946868,2.430864774
PEB,-0.5934352989,0.7299151847
PPC,-0.446125363,0.08222881084
MSGN,-0.4137932277,0.4450993547
GNRC,-0.07376469713,1.440804483
PDM,-0.198212063,-0.0439646037
TRNO,-0.03915769013,0.1479438116
CELH,-0.1283650062,10.9501202
IRWD,-0.2419232827,0.1288400907
QNST,-0.4741997064,1.663356353
CALX,-0.1149994008,3.203396291
MXL,-0.4500475804,2.272496731
ST,-0.4629658389,0.8230232251
STNG,-0.5115235562,-0.4009871438
FIBK,-0.2930358545,0.4582753386
SSNC,-0.2847120775,0.6708276676
CLDT,-0.6713657613,0.8181822718
PRI,-0.3198696438,0.5285486197
AOSL,-0.5293688127,2.687984699
CDXS,-0.3020633565,0.9560937268
SPSC,-0.1607723419,1.334770737
RCM,-0.2996918683,1.642462573
CRMD,-0.5068674961,1.069637037
PLOW,-0.3492721061,0.2320044823
EXPR,-0.6940448975,-0.3892618168
FAF,-0.2652605419,0.2502142288
LMNR,-0.3187724345,0.2980356743
HPP,-0.3197872756,-0.02245266554
SIX,-0.7164706428,1.719299863
VPG,-0.4094120129,0.567727687
FN,-0.158545179,0.4221034244
CBOE,-0.2539013782,0.05651622038
TSLA,0.2525993387,5.733495382